id,first_name,last_name,email,gender,ip_address,country,sales
1,Dominique,Ahmed,dahmed0@webeden.co.uk,Male,102.245.180.144,Philippines,$0.87
2,Juliette,Whorf,jwhorf1@virginia.edu,Female,229.112.252.242,China,$0.33
3,Susy,Newling,snewling2@sogou.com,Female,28.54.164.138,South Korea,$1.42
4,Tallie,Finder,tfinder3@prnewswire.com,Female,143.188.47.114,Poland,$9.16
5,Clemmie,Tamblingson,ctamblingson4@360.cn,Female,37.186.196.33,Botswana,$3.65
6,Nikki,Loyd,nloyd5@weibo.com,Male,192.106.200.244,China,$7.08
7,Abra,Teresia,ateresia6@tuttocitta.it,Female,221.222.45.7,Brazil,$9.02
8,Dell,Tewnion,dtewnion7@bbc.co.uk,Male,2.21.24.230,Indonesia,$2.02
9,Lidia,Ather,lather8@alibaba.com,Female,92.129.203.117,Poland,$2.48
10,Daloris,Bricklebank,dbricklebank9@chicagotribune.com,Female,94.220.151.82,Colombia,$1.00
11,Jenny,Goggin,jgoggina@columbia.edu,Female,218.247.87.182,Albania,$8.15
12,Fabian,Simonnet,fsimonnetb@engadget.com,Male,253.149.118.70,Indonesia,$9.54
13,Justen,Patterfield,jpatterfieldc@dmoz.org,Male,111.205.43.140,Russia,$6.70
14,Portia,Rehorek,prehorekd@blogger.com,Female,128.163.224.197,Philippines,$8.79
15,Derrik,Mathieu,dmathieue@berkeley.edu,Male,203.32.38.114,Poland,$6.73
16,Jeremias,Earland,jearlandf@about.com,Male,165.198.119.92,Chile,$2.27
17,Shelby,McLaine,smclaineg@army.mil,Female,218.47.146.123,Russia,$5.73
18,Don,Kuzemka,dkuzemkah@globo.com,Male,212.8.200.5,Philippines,$8.72
19,Eustacia,Jordon,ejordoni@google.com,Female,101.66.248.61,Spain,$5.03
20,Ximenez,Izsak,xizsakj@aol.com,Male,71.100.25.143,Brazil,$6.04
21,Tabatha,Stancer,tstancerk@friendfeed.com,Female,64.112.108.48,Brazil,$6.22
22,Bobbie,Quilter,bquilterl@cbsnews.com,Female,153.151.175.145,United States,$4.80
23,Nikolai,Fendlen,nfendlenm@usgs.gov,Male,205.242.171.70,Indonesia,$1.25
24,Decca,Pudner,dpudnern@bigcartel.com,Male,255.164.125.187,Serbia,$0.78
25,Brigida,Purver,bpurvero@homestead.com,Female,23.114.228.151,China,$8.71
26,Anatola,McGiveen,amcgiveenp@about.me,Female,114.192.228.88,Indonesia,$3.46
27,Patty,McGeechan,pmcgeechanq@ebay.co.uk,Male,62.11.106.140,Indonesia,$3.53
28,Garv,Skalls,gskallsr@cnbc.com,Male,23.144.79.35,Ethiopia,$7.56
29,Shanda,Gibbon,sgibbons@ihg.com,Female,181.59.16.178,China,$2.72
30,Malia,Rattenbury,mrattenburyt@cnet.com,Female,114.108.135.73,Indonesia,$6.68
31,Paolina,Dudman,pdudmanu@behance.net,Female,180.209.5.173,China,$3.60
32,Kinny,Stocky,kstockyv@adobe.com,Male,191.43.94.34,Philippines,$2.24
33,Christoph,Glennon,cglennonw@vk.com,Male,251.200.234.144,Colombia,$7.28
34,Rosella,Rawls,rrawlsx@globo.com,Female,217.50.119.90,Micronesia,$2.22
35,Thelma,Heppner,theppnery@biglobe.ne.jp,Female,137.11.64.93,Tunisia,$9.77
36,Robinetta,Dallicoat,rdallicoatz@nymag.com,Female,203.230.24.146,Kazakhstan,$4.30
37,Say,Goatman,sgoatman10@businessinsider.com,Male,41.169.172.204,China,$4.31
38,Linda,Whitewood,lwhitewood11@hatena.ne.jp,Female,29.175.107.45,Portugal,$4.45
39,Ira,Evanson,ievanson12@cisco.com,Female,44.150.103.99,Russia,$2.03
40,Theo,Gurry,tgurry13@examiner.com,Male,50.228.178.142,Russia,$6.77
41,Drusie,Bellard,dbellard14@pbs.org,Female,157.13.181.222,Grenada,$3.63
42,Corey,Tuckley,ctuckley15@europa.eu,Male,96.69.7.129,Philippines,$3.89
43,Alva,Facchini,afacchini16@house.gov,Male,129.57.96.221,Indonesia,$3.60
44,Derrek,Bernadzki,dbernadzki17@wordpress.org,Male,222.54.91.93,Indonesia,$2.54
45,Skell,Jannasch,sjannasch18@hexun.com,Male,194.90.179.183,Philippines,$0.47
46,Cariotta,Dudderidge,cdudderidge19@yale.edu,Female,123.20.169.121,China,$9.37
47,Shara,Threadgold,sthreadgold1a@sbwire.com,Female,208.31.64.59,Philippines,$3.27
48,Regina,Dolton,rdolton1b@liveinternet.ru,Female,130.101.56.0,Paraguay,$0.63
49,Guss,Peegrem,gpeegrem1c@wufoo.com,Male,5.124.175.44,Finland,$7.80
50,Wyndham,Rake,wrake1d@princeton.edu,Male,198.85.234.101,Thailand,$7.78
51,Dyan,Girardeau,dgirardeau1e@howstuffworks.com,Female,124.218.165.248,Kenya,$5.69
52,Rudyard,Upson,rupson1f@google.com.au,Male,39.222.119.58,Peru,$1.82
53,Camel,Sherborne,csherborne1g@reverbnation.com,Female,226.202.197.12,France,$0.65
54,Joice,Petren,jpetren1h@github.com,Female,177.49.159.228,China,$3.60
55,Whitney,Moralis,wmoralis1i@technorati.com,Female,91.106.115.202,China,$3.66
56,Goldy,Pinckney,gpinckney1j@abc.net.au,Female,65.113.103.126,Sweden,$7.64
57,Reg,Storms,rstorms1k@java.com,Male,241.250.246.119,France,$2.01
58,Rivalee,Duligal,rduligal1l@reverbnation.com,Female,239.48.248.180,Cape Verde,$3.77
59,Katy,Binley,kbinley1m@squarespace.com,Female,29.97.17.87,Philippines,$5.06
60,Jazmin,Plampin,jplampin1n@tmall.com,Female,195.28.216.235,Indonesia,$0.45
61,Odille,Orknay,oorknay1o@pcworld.com,Female,42.152.18.9,Philippines,$0.57
62,Willow,Dmitrienko,wdmitrienko1p@discuz.net,Female,155.245.142.32,Philippines,$4.35
63,Klara,Mansel,kmansel1q@princeton.edu,Female,228.36.68.204,Malaysia,$4.13
64,Catriona,Collet,ccollet1r@google.it,Female,187.198.225.120,South Korea,$5.88
65,Jasper,Shutt,jshutt1s@naver.com,Male,0.210.177.182,Indonesia,$9.78
66,Marieann,Ings,mings1t@nhs.uk,Female,45.167.157.231,Russia,$1.16
67,Sarge,Whimpenny,swhimpenny1u@mac.com,Male,103.212.163.135,Ireland,$7.20
68,Ronny,Flemming,rflemming1v@aboutads.info,Male,81.192.30.211,Portugal,$4.23
69,Bessy,Surpliss,bsurpliss1w@guardian.co.uk,Female,229.221.145.26,Thailand,$6.32
70,Elsy,Abramzon,eabramzon1x@skype.com,Female,35.45.115.51,Portugal,$9.30
71,Cyndi,Lars,clars1y@spotify.com,Female,152.226.254.121,Peru,$3.40
72,Arvie,Campelli,acampelli1z@washington.edu,Male,210.63.16.129,Indonesia,$6.64
73,Eilis,Cousen,ecousen20@slideshare.net,Female,238.22.45.55,Argentina,$5.23
74,Ilyse,Tayt,itayt21@wiley.com,Female,81.186.78.182,Russia,$1.99
75,Mathew,Callacher,mcallacher22@va.gov,Male,98.71.157.91,United States,$2.11
76,Algernon,Yakob,ayakob23@pinterest.com,Male,119.206.59.221,China,$5.37
77,Amara,Thaller,athaller24@indiatimes.com,Female,20.174.77.76,China,$3.89
78,Avivah,Look,alook25@linkedin.com,Female,215.132.96.181,Indonesia,$3.18
79,Ramsey,Forrestor,rforrestor26@macromedia.com,Male,18.147.164.142,Brazil,$3.65
80,Garrek,Poplee,gpoplee27@cdc.gov,Male,16.231.7.88,Portugal,$5.36
81,Lamond,Ive,live28@ow.ly,Male,134.195.192.236,Madagascar,$0.65
82,Kristoffer,Kamen,kkamen29@hao123.com,Male,120.16.43.179,Indonesia,$7.84
83,Jami,Dunkerly,jdunkerly2a@aol.com,Female,219.225.17.201,Thailand,$0.01
84,Chandra,Iacovo,ciacovo2b@aboutads.info,Female,107.66.2.66,Philippines,$3.77
85,Vittoria,Bendson,vbendson2c@multiply.com,Female,143.178.185.103,Philippines,$6.77
86,Brewster,Kellert,bkellert2d@nationalgeographic.com,Male,117.122.109.116,Russia,$7.18
87,Tandie,Weddell,tweddell2e@icq.com,Female,216.175.67.123,China,$2.19
88,Omero,Barling,obarling2f@netvibes.com,Male,194.123.186.229,South Korea,$7.51
89,Etta,Kynson,ekynson2g@behance.net,Female,220.7.9.68,China,$1.73
90,Ludwig,Hathorn,lhathorn2h@yolasite.com,Male,77.9.161.204,Portugal,$3.48
91,Livvyy,Seifert,lseifert2i@guardian.co.uk,Female,20.98.63.142,Japan,$9.07
92,Christophe,Abernethy,cabernethy2j@blogtalkradio.com,Male,247.71.35.48,Azerbaijan,$8.93
93,Shantee,Buckingham,sbuckingham2k@hud.gov,Female,189.91.179.159,China,$8.89
94,Terrill,Lohden,tlohden2l@reddit.com,Male,213.52.18.76,Philippines,$2.93
95,Kelsi,McBay,kmcbay2m@theglobeandmail.com,Female,64.211.253.72,Russia,$4.67
96,Winnah,Grisedale,wgrisedale2n@liveinternet.ru,Female,91.8.20.247,France,$6.36
97,Elset,Grocutt,egrocutt2o@constantcontact.com,Female,39.41.59.232,China,$5.71
98,Jan,Pryce,jpryce2p@dedecms.com,Male,211.156.230.41,Indonesia,$2.45
99,Farrell,Cappleman,fcappleman2q@yellowbook.com,Male,216.44.207.201,Indonesia,$5.75
100,Fidelio,Wadforth,fwadforth2r@wix.com,Male,144.30.191.245,Ukraine,$8.79
101,Debor,Critchell,dcritchell2s@sun.com,Female,178.31.88.233,China,$6.24
102,Erich,Longmead,elongmead2t@meetup.com,Male,196.153.32.63,Portugal,$2.52
103,Morty,Gowrie,mgowrie2u@imgur.com,Male,57.89.170.17,China,$7.63
104,Derick,Bodsworth,dbodsworth2v@theguardian.com,Male,135.194.228.168,China,$2.65
105,Padraic,Buse,pbuse2w@patch.com,Male,109.181.231.93,Sweden,$5.62
106,Pippy,Coulman,pcoulman2x@live.com,Female,125.90.81.26,Sweden,$8.87
107,Clareta,Ovanesian,covanesian2y@icq.com,Female,117.216.71.246,Colombia,$1.69
108,Audi,Comford,acomford2z@about.com,Female,252.238.59.232,China,$4.56
109,Danette,Scannell,dscannell30@fotki.com,Female,64.0.3.146,United Kingdom,$0.10
110,Rosina,Blowing,rblowing31@google.com.au,Female,91.159.226.167,China,$9.10
111,Warren,Flowerden,wflowerden32@miitbeian.gov.cn,Male,67.42.113.174,Philippines,$3.04
112,Grazia,Nother,gnother33@ucoz.com,Female,252.202.32.112,Armenia,$8.69
113,Gwenore,Tissell,gtissell34@w3.org,Female,84.198.162.72,Philippines,$7.84
114,Brockie,Leyband,bleyband35@ted.com,Male,84.148.129.101,France,$2.37
115,Brande,Shillum,bshillum36@aboutads.info,Female,153.255.16.144,Maldives,$5.51
116,Anatollo,Lewins,alewins37@google.de,Male,243.149.164.94,Indonesia,$9.54
117,Patton,Heskey,pheskey38@creativecommons.org,Male,129.69.246.70,Canada,$0.73
118,Celina,Ebbs,cebbs39@exblog.jp,Female,225.11.148.7,France,$9.54
119,Myrtle,Moizer,mmoizer3a@ihg.com,Female,235.182.227.7,Japan,$3.18
120,Celestyn,Urion,curion3b@ft.com,Female,93.131.79.203,Indonesia,$7.91
121,Sloan,Klouz,sklouz3c@google.co.uk,Male,0.86.150.140,Vietnam,$6.43
122,Moises,Beckwith,mbeckwith3d@purevolume.com,Male,196.187.254.214,China,$0.85
123,Ilysa,Suddock,isuddock3e@issuu.com,Female,165.2.231.11,Djibouti,$2.88
124,Nobe,Stellino,nstellino3f@wikispaces.com,Male,87.4.44.210,Czech Republic,$3.08
125,Brita,Tomaszewski,btomaszewski3g@unicef.org,Female,41.111.207.228,Indonesia,$1.41
126,Raye,McNelly,rmcnelly3h@meetup.com,Female,82.62.26.187,China,$4.76
127,Robin,Richarz,rricharz3i@sourceforge.net,Female,0.7.218.13,South Africa,$2.83
128,Agnola,Chapleo,achapleo3j@latimes.com,Female,72.44.17.87,Japan,$4.95
129,Gunner,Jiruch,gjiruch3k@wordpress.com,Male,246.98.71.227,Philippines,$4.19
130,Tiffi,Skitterel,tskitterel3l@goo.ne.jp,Female,235.48.128.189,France,$2.22
131,Any,Woodroff,awoodroff3m@free.fr,Male,1.92.10.104,New Zealand,$0.41
132,Courtenay,Templar,ctemplar3n@tuttocitta.it,Female,237.185.70.224,China,$5.76
133,Warden,Kippin,wkippin3o@xing.com,Male,106.194.152.72,Honduras,$2.10
134,Bryon,Mattingson,bmattingson3p@rambler.ru,Male,129.54.151.123,Philippines,$9.46
135,Barnard,Brotherick,bbrotherick3q@hostgator.com,Male,249.155.114.197,China,$3.72
136,Billie,Hollingsby,bhollingsby3r@weibo.com,Male,204.195.174.54,China,$6.07
137,Cal,Traut,ctraut3s@facebook.com,Female,211.75.106.138,China,$7.13
138,Consalve,Vinten,cvinten3t@tripod.com,Male,169.155.115.67,Sweden,$2.07
139,Gian,Flack,gflack3u@paypal.com,Male,218.127.92.139,Indonesia,$1.59
140,Alexandro,Crake,acrake3v@ebay.com,Male,178.198.182.56,China,$9.94
141,Randy,Boxhill,rboxhill3w@google.com,Female,164.11.162.227,Czech Republic,$9.10
142,Abel,Jentle,ajentle3x@cisco.com,Male,3.170.159.26,Brazil,$8.89
143,Hilly,Brookwell,hbrookwell3y@redcross.org,Male,65.35.78.32,Sri Lanka,$0.62
144,Melody,Tye,mtye3z@time.com,Female,182.177.101.119,China,$1.23
145,Chase,McArdell,cmcardell40@ca.gov,Male,155.243.71.113,Philippines,$3.67
146,Ginger,Gyer,ggyer41@state.tx.us,Male,217.5.218.187,Canada,$0.46
147,Rebeca,Worley,rworley42@tiny.cc,Female,182.125.138.115,Indonesia,$1.07
148,Hilarius,Lutas,hlutas43@state.gov,Male,205.165.216.65,Kyrgyzstan,$4.87
149,Abbe,Attenbrough,aattenbrough44@technorati.com,Female,66.188.246.3,Indonesia,$2.94
150,Vin,Jaan,vjaan45@salon.com,Male,215.121.77.58,South Africa,$6.12
151,Linzy,Coysh,lcoysh46@youku.com,Female,11.169.159.53,Brazil,$9.78
152,Natalina,Abrahm,nabrahm47@hao123.com,Female,149.24.58.250,Portugal,$8.35
153,Darrick,Atte-Stone,dattestone48@feedburner.com,Male,195.146.171.142,Brazil,$3.53
154,Baudoin,Lissandre,blissandre49@comsenz.com,Male,48.98.184.152,Sweden,$8.52
155,Kessia,Cockell,kcockell4a@samsung.com,Female,250.239.183.72,United States,$1.26
156,Krispin,Ewins,kewins4b@sphinn.com,Male,228.103.23.154,China,$1.39
157,Early,Wotherspoon,ewotherspoon4c@yellowbook.com,Male,245.205.46.27,Poland,$4.74
158,Richy,Trayhorn,rtrayhorn4d@wiley.com,Male,95.40.7.184,Peru,$6.48
159,Leela,Heath,lheath4e@jalbum.net,Female,14.58.31.99,China,$9.20
160,Mayer,Hughesdon,mhughesdon4f@gizmodo.com,Male,26.185.23.2,Panama,$6.20
161,Torre,Colleer,tcolleer4g@usgs.gov,Male,190.78.173.141,China,$8.07
162,Urbanus,Gantlett,ugantlett4h@salon.com,Male,80.61.239.123,Cameroon,$7.14
163,Galina,Fluck,gfluck4i@dedecms.com,Female,8.234.134.222,Bahrain,$2.26
164,Therine,Phlipon,tphlipon4j@gnu.org,Female,218.140.185.27,Bolivia,$3.78
165,Antonino,Byk,abyk4k@rambler.ru,Male,98.182.9.183,South Africa,$9.81
166,Julita,Ekins,jekins4l@sina.com.cn,Female,193.183.137.12,Indonesia,$4.83
167,Nanine,Stopp,nstopp4m@yelp.com,Female,31.127.242.235,Brazil,$5.59
168,Rebecka,McGilbon,rmcgilbon4n@businessweek.com,Female,223.209.65.85,Poland,$6.17
169,Tine,Antos,tantos4o@ca.gov,Female,210.137.57.125,Bulgaria,$7.85
170,Dody,Warman,dwarman4p@phoca.cz,Female,150.39.247.244,Morocco,$5.95
171,Percy,Tyndall,ptyndall4q@merriam-webster.com,Male,76.159.68.119,Brazil,$9.16
172,Benoit,Le febre,blefebre4r@tinypic.com,Male,238.251.230.240,United States,$8.46
173,Jen,Donaghy,jdonaghy4s@yahoo.com,Female,209.217.158.252,Hungary,$8.70
174,Feliks,Rable,frable4t@foxnews.com,Male,179.101.230.204,Russia,$5.31
175,Althea,Luciani,aluciani4u@indiegogo.com,Female,200.36.147.12,Portugal,$9.87
176,Querida,Lidyard,qlidyard4v@aboutads.info,Female,205.145.77.32,Indonesia,$5.28
177,Megen,Bligh,mbligh4w@bbb.org,Female,157.127.252.133,Indonesia,$6.67
178,Cassaundra,Ganniclifft,cganniclifft4x@deviantart.com,Female,175.105.126.54,United States,$8.88
179,Oberon,Canfield,ocanfield4y@shinystat.com,Male,18.237.65.35,Brazil,$1.27
180,Orland,Alger,oalger4z@china.com.cn,Male,183.203.41.147,Russia,$3.01
181,Wally,Smallpeice,wsmallpeice50@posterous.com,Female,124.119.139.72,Mexico,$2.52
182,Lilith,Hellwing,lhellwing51@admin.ch,Female,99.147.132.89,Indonesia,$3.27
183,Parrnell,Gouly,pgouly52@constantcontact.com,Male,145.12.254.208,Brazil,$1.25
184,Bertie,Scoullar,bscoullar53@java.com,Male,69.120.171.52,Poland,$7.43
185,Conrado,Penright,cpenright54@so-net.ne.jp,Male,247.108.102.50,China,$4.91
186,Gwenneth,Midgley,gmidgley55@bloglines.com,Female,28.223.189.93,China,$5.59
187,Cybill,Guage,cguage56@cornell.edu,Female,44.66.62.233,China,$7.04
188,Rudolph,Flitcroft,rflitcroft57@nifty.com,Male,223.81.252.113,Indonesia,$3.74
189,Alvy,Wield,awield58@imdb.com,Male,239.235.61.16,Estonia,$3.36
190,Ulberto,Hillum,uhillum59@devhub.com,Male,232.148.151.178,Indonesia,$4.75
191,Eyde,Bourrel,ebourrel5a@cnn.com,Female,2.163.154.97,China,$6.07
192,Culver,Primmer,cprimmer5b@dropbox.com,Male,42.188.4.253,China,$6.45
193,Alyssa,Mahody,amahody5c@wikia.com,Female,106.213.146.36,Spain,$5.72
194,Margeaux,Knell,mknell5d@engadget.com,Female,76.45.249.173,Philippines,$5.20
195,Beret,Coburn,bcoburn5e@miibeian.gov.cn,Female,37.35.53.32,Russia,$5.53
196,Arleta,Pantry,apantry5f@adobe.com,Female,68.136.176.3,Japan,$7.29
197,Felicle,Glasscoo,fglasscoo5g@constantcontact.com,Female,106.121.186.192,Peru,$8.14
198,Josh,Gotcliffe,jgotcliffe5h@eepurl.com,Male,58.185.130.128,Indonesia,$3.80
199,Augustina,Facchini,afacchini5i@usgs.gov,Female,145.135.247.3,Venezuela,$7.99
200,Linn,Reggiani,lreggiani5j@tiny.cc,Male,132.146.105.120,Russia,$6.34
201,Nevsa,Dovidian,ndovidian5k@japanpost.jp,Female,51.26.13.32,Poland,$9.80
202,Silvie,Rushmare,srushmare5l@naver.com,Female,189.7.129.185,Poland,$5.54
203,Roderic,Menendes,rmenendes5m@mit.edu,Male,168.62.92.58,South Africa,$9.84
204,Kermie,Arkow,karkow5n@printfriendly.com,Male,204.84.254.25,Namibia,$4.53
205,Brietta,Gloy,bgloy5o@princeton.edu,Female,45.195.56.171,Nigeria,$9.68
206,Barton,Gebby,bgebby5p@trellian.com,Male,163.3.196.242,Russia,$1.35
207,Addison,Lyttle,alyttle5q@pinterest.com,Male,112.58.5.71,Sweden,$1.23
208,Lark,Cotgrove,lcotgrove5r@networkadvertising.org,Female,192.26.58.152,Ireland,$3.17
209,Gilda,Brockbank,gbrockbank5s@studiopress.com,Female,205.189.217.53,Indonesia,$8.35
210,Tracy,Albasini,talbasini5t@abc.net.au,Male,70.78.105.4,Philippines,$8.00
211,Wilfred,Cantillon,wcantillon5u@scientificamerican.com,Male,99.210.18.8,Russia,$2.49
212,Gene,Sevitt,gsevitt5v@tiny.cc,Female,10.106.119.111,Brazil,$1.52
213,Phil,Leftwich,pleftwich5w@google.co.uk,Female,192.60.219.218,China,$8.55
214,Melesa,Fiddymont,mfiddymont5x@simplemachines.org,Female,0.229.247.104,Russia,$5.15
215,Benjamen,Jeffries,bjeffries5y@ow.ly,Male,216.197.121.5,Portugal,$4.36
216,Adorne,Samper,asamper5z@google.co.jp,Female,180.8.32.207,France,$5.10
217,Durward,Mouat,dmouat60@ustream.tv,Male,136.189.73.234,Indonesia,$4.42
218,Billie,Prando,bprando61@barnesandnoble.com,Male,38.194.27.253,Russia,$2.93
219,Mandi,Flack,mflack62@wikispaces.com,Female,78.42.49.252,United States,$2.93
220,Derwin,Eilhart,deilhart63@cyberchimps.com,Male,126.52.150.64,China,$6.82
221,Auroora,Brill,abrill64@walmart.com,Female,118.50.222.160,Japan,$9.50
222,Marla,Tunbridge,mtunbridge65@chronoengine.com,Female,49.212.178.199,Norway,$5.33
223,Nanete,Tilston,ntilston66@joomla.org,Female,42.79.27.16,China,$2.84
224,Sheff,Wilce,swilce67@washingtonpost.com,Male,246.160.174.174,France,$7.83
225,Marvin,Butlin,mbutlin68@shinystat.com,Male,80.59.217.26,Indonesia,$2.02
226,Caryl,Lis,clis69@sciencedirect.com,Female,206.154.203.117,China,$2.66
227,Brett,Posner,bposner6a@youtube.com,Male,74.183.116.171,Cyprus,$4.56
228,Bale,Sivyer,bsivyer6b@columbia.edu,Male,78.105.21.207,China,$2.11
229,Tarrance,Ferier,tferier6c@telegraph.co.uk,Male,148.203.244.50,Poland,$5.55
230,Evyn,Baber,ebaber6d@pcworld.com,Male,94.28.69.212,Indonesia,$5.81
231,Claudius,Keane,ckeane6e@dyndns.org,Male,5.171.126.37,Georgia,$2.95
232,Andria,Jales,ajales6f@nsw.gov.au,Female,212.59.28.2,China,$4.00
233,Marigold,Belden,mbelden6g@google.de,Female,132.211.180.16,Nepal,$5.85
234,Erik,Simeone,esimeone6h@slideshare.net,Male,112.208.10.141,China,$6.86
235,Peirce,O'Hannay,pohannay6i@sourceforge.net,Male,165.203.139.53,China,$1.08
236,Tibold,Rannie,trannie6j@mac.com,Male,88.241.22.199,Czech Republic,$9.78
237,Darryl,Matthiesen,dmatthiesen6k@over-blog.com,Male,104.56.93.221,Czech Republic,$2.47
238,Hyman,Hand,hhand6l@latimes.com,Male,4.197.52.126,Indonesia,$7.52
239,Katy,Rembrandt,krembrandt6m@behance.net,Female,133.79.125.240,Sierra Leone,$0.60
240,Deck,Rantoul,drantoul6n@ed.gov,Male,240.150.115.26,Ukraine,$0.21
241,Kalle,Plank,kplank6o@boston.com,Male,18.23.91.42,Afghanistan,$4.76
242,Viola,Garnam,vgarnam6p@ehow.com,Female,161.37.180.117,Finland,$3.24
243,Travis,Coneybeer,tconeybeer6q@dailymotion.com,Male,33.165.248.147,Czech Republic,$1.85
244,Marlo,Cavie,mcavie6r@google.co.uk,Male,76.199.242.187,Philippines,$5.15
245,Grier,Mobberley,gmobberley6s@tinyurl.com,Female,104.44.10.3,Argentina,$4.29
246,Arielle,Laurencot,alaurencot6t@comcast.net,Female,65.165.73.33,Poland,$1.13
247,Garey,Louche,glouche6u@imdb.com,Male,239.247.245.17,Philippines,$8.23
248,Kaye,Mattevi,kmattevi6v@w3.org,Female,90.116.147.146,Russia,$8.24
249,Elicia,Setford,esetford6w@rediff.com,Female,81.50.141.101,China,$6.86
250,Kahlil,Imeson,kimeson6x@bloglovin.com,Male,110.57.196.49,France,$3.86
251,Myron,Cowderoy,mcowderoy6y@youtu.be,Male,75.12.161.44,Greece,$6.82
252,Danya,Ticehurst,dticehurst6z@cnbc.com,Female,1.92.121.219,China,$4.83
253,Thatch,Gooley,tgooley70@sciencedaily.com,Male,224.34.99.164,United States,$6.62
254,Baxie,Corneille,bcorneille71@yale.edu,Male,10.149.175.4,Azerbaijan,$1.59
255,Sheffield,Wesley,swesley72@ebay.com,Male,58.211.182.48,Philippines,$2.91
256,Teriann,Stenett,tstenett73@drupal.org,Female,243.206.183.92,Poland,$4.12
257,Irvine,Simco,isimco74@hc360.com,Male,210.129.188.55,Thailand,$4.34
258,Maximilianus,Woodburne,mwoodburne75@imgur.com,Male,172.221.157.226,Poland,$2.70
259,Salvidor,Renak,srenak76@kickstarter.com,Male,83.132.112.79,Russia,$1.35
260,Jaquenette,Higford,jhigford77@com.com,Female,143.179.186.154,Mexico,$2.54
261,Alvin,Bibbie,abibbie78@skyrock.com,Male,176.9.184.74,Brazil,$2.63
262,Bartie,Fugere,bfugere79@arizona.edu,Male,132.51.72.230,Denmark,$1.64
263,Thoma,Taree,ttaree7a@usatoday.com,Male,140.73.140.174,Brazil,$9.24
264,Patton,Oakeshott,poakeshott7b@illinois.edu,Male,138.235.1.253,United States,$4.17
265,Fionnula,Vernham,fvernham7c@xinhuanet.com,Female,218.142.120.106,China,$8.93
266,Dud,Broadwell,dbroadwell7d@about.com,Male,226.244.131.179,China,$0.36
267,Henderson,Steeden,hsteeden7e@sphinn.com,Male,126.67.140.87,Colombia,$5.20
268,Fredra,Pollington,fpollington7f@usnews.com,Female,162.82.137.48,New Caledonia,$2.84
269,Eugine,Hamon,ehamon7g@columbia.edu,Female,96.197.88.97,France,$8.32
270,Ysabel,Pearce,ypearce7h@nifty.com,Female,225.189.9.143,France,$2.41
271,Tiler,Langhorn,tlanghorn7i@opensource.org,Male,92.112.172.53,Russia,$3.98
272,Dania,Dunsmore,ddunsmore7j@unicef.org,Female,186.179.85.77,Czech Republic,$3.56
273,Shanie,Kensall,skensall7k@slate.com,Female,96.188.52.43,Guatemala,$1.36
274,Merrel,Crommett,mcrommett7l@squidoo.com,Male,204.50.159.242,Poland,$2.60
275,Cristie,Flood,cflood7m@elpais.com,Female,200.3.61.160,Russia,$7.51
276,Andros,Hush,ahush7n@foxnews.com,Male,166.139.251.149,Egypt,$4.14
277,Archibaldo,Swane,aswane7o@instagram.com,Male,236.81.9.247,Nigeria,$5.10
278,Janek,Abelovitz,jabelovitz7p@senate.gov,Male,128.84.78.53,Serbia,$1.65
279,Katheryn,Long,klong7q@bigcartel.com,Female,175.34.22.33,Colombia,$4.33
280,Vittorio,Blasgen,vblasgen7r@ask.com,Male,82.118.95.67,Indonesia,$3.77
281,Levy,Walas,lwalas7s@illinois.edu,Male,155.80.94.161,Philippines,$9.77
282,Culver,Owtram,cowtram7t@jigsy.com,Male,14.37.47.217,China,$3.97
283,Prescott,Bore,pbore7u@devhub.com,Male,180.18.196.82,Russia,$6.68
284,Charlie,Blenkinship,cblenkinship7v@gmpg.org,Male,129.25.163.203,Ukraine,$7.71
285,Dru,Dollar,ddollar7w@cbsnews.com,Male,68.95.196.150,Philippines,$3.60
286,Hedda,Lanfare,hlanfare7x@buzzfeed.com,Female,47.246.129.11,New Zealand,$5.48
287,Lynnell,McBoyle,lmcboyle7y@youtu.be,Female,213.250.147.198,United States,$8.92
288,Any,Waddup,awaddup7z@i2i.jp,Male,115.236.237.71,Nigeria,$4.72
289,Zoe,Orrah,zorrah80@who.int,Female,117.64.128.13,Russia,$1.60
290,Buddy,Kiddye,bkiddye81@prweb.com,Male,78.173.42.207,Malawi,$6.21
291,Sandro,Zorzini,szorzini82@tmall.com,Male,49.238.177.72,Ukraine,$1.28
292,Lambert,Dachs,ldachs83@friendfeed.com,Male,101.87.168.35,Philippines,$2.58
293,Rickey,Petche,rpetche84@auda.org.au,Male,61.37.245.90,Peru,$6.50
294,Ivor,Scathard,iscathard85@noaa.gov,Male,230.43.77.117,China,$2.46
295,Micky,Ortner,mortner86@wp.com,Female,22.192.193.162,Nauru,$7.55
296,Ansel,Aggis,aaggis87@pinterest.com,Male,124.52.119.177,Philippines,$7.97
297,Raimundo,Espina,respina88@hibu.com,Male,163.8.7.25,Peru,$4.64
298,Keven,Kiggel,kkiggel89@cdc.gov,Male,145.96.182.117,United States,$2.74
299,Andi,de Lloyd,adelloyd8a@washington.edu,Female,249.224.209.138,China,$1.66
300,Linell,Monnoyer,lmonnoyer8b@vinaora.com,Female,235.2.210.110,Poland,$6.28
301,Xever,Itzkovsky,xitzkovsky8c@mozilla.org,Male,142.72.187.228,China,$4.00
302,Griffie,Collier,gcollier8d@alexa.com,Male,215.173.61.141,Tanzania,$0.92
303,Townie,Anney,tanney8e@hud.gov,Male,71.136.239.86,North Korea,$6.33
304,Cy,Rainger,crainger8f@go.com,Male,112.194.7.45,Indonesia,$5.77
305,Magdaia,Clohessy,mclohessy8g@miitbeian.gov.cn,Female,160.116.130.66,China,$3.99
306,Wake,Standley,wstandley8h@usnews.com,Male,52.106.223.148,China,$5.15
307,Kirby,Digance,kdigance8i@tinyurl.com,Male,36.146.54.251,Serbia,$4.18
308,Fonz,Barlass,fbarlass8j@friendfeed.com,Male,249.205.88.118,China,$1.30
309,Biddie,Etches,betches8k@behance.net,Female,1.182.158.137,Burundi,$7.97
310,Dory,Derby,dderby8l@liveinternet.ru,Female,53.43.133.55,Sweden,$6.82
311,Natale,Laborda,nlaborda8m@upenn.edu,Male,55.155.28.161,Indonesia,$4.35
312,Ricardo,McKeighen,rmckeighen8n@npr.org,Male,237.160.75.156,Djibouti,$6.14
313,Meir,Donwell,mdonwell8o@dropbox.com,Male,184.185.7.221,Japan,$6.90
314,Eal,Hathaway,ehathaway8p@aol.com,Male,204.149.159.151,Guam,$7.45
315,Eileen,Impy,eimpy8q@wikimedia.org,Female,16.170.57.204,Mexico,$3.14
316,Josh,Manilow,jmanilow8r@virginia.edu,Male,87.39.164.186,Papua New Guinea,$6.49
317,Far,Stocker,fstocker8s@simplemachines.org,Male,251.217.171.116,Brazil,$8.54
318,Helene,Ivakhnov,hivakhnov8t@buzzfeed.com,Female,181.65.206.37,Canada,$0.80
319,Ricky,Bligh,rbligh8u@auda.org.au,Female,47.188.163.142,Philippines,$9.71
320,Hanni,Jouannot,hjouannot8v@phpbb.com,Female,35.111.224.152,United States,$7.09
321,Cale,Lyon,clyon8w@clickbank.net,Male,248.75.46.190,Poland,$5.16
322,Willa,Everwin,weverwin8x@i2i.jp,Female,20.223.128.157,Indonesia,$5.82
323,Darcie,Ginie,dginie8y@geocities.com,Female,68.210.182.129,Poland,$0.47
324,Robb,Gerhardt,rgerhardt8z@artisteer.com,Male,176.210.92.91,Canada,$5.26
325,Michail,Cappineer,mcappineer90@jalbum.net,Male,96.69.26.81,Russia,$6.73
326,Magdaia,Grosvenor,mgrosvenor91@163.com,Female,214.172.5.143,Indonesia,$7.72
327,Roanna,Slight,rslight92@usa.gov,Female,25.44.53.105,Azerbaijan,$8.42
328,Arnuad,Tregido,atregido93@wired.com,Male,167.138.109.119,Peru,$5.08
329,Raynell,Antoszewski,rantoszewski94@tinyurl.com,Female,84.147.186.234,Philippines,$4.11
330,Caril,Limbert,climbert95@go.com,Female,137.106.162.198,Nigeria,$2.89
331,Minny,Gianelli,mgianelli96@dagondesign.com,Female,141.251.57.8,Indonesia,$8.14
332,Kendra,Creddon,kcreddon97@slideshare.net,Female,166.196.130.118,China,$3.98
333,Thorny,Wiskar,twiskar98@ox.ac.uk,Male,46.83.109.160,France,$8.03
334,Jenni,Saffen,jsaffen99@sogou.com,Female,95.132.37.182,France,$5.59
335,Berkley,Gifford,bgifford9a@edublogs.org,Male,128.243.227.171,United Kingdom,$1.91
336,Itch,McCotter,imccotter9b@shinystat.com,Male,109.218.67.217,Argentina,$3.92
337,Harli,Wrenn,hwrenn9c@mail.ru,Female,222.27.177.83,China,$9.18
338,Kristal,Farlow,kfarlow9d@privacy.gov.au,Female,18.0.196.92,Czech Republic,$2.91
339,Hermia,Washtell,hwashtell9e@cdbaby.com,Female,78.205.132.116,France,$7.29
340,Celene,Refford,crefford9f@senate.gov,Female,171.214.220.28,China,$8.34
341,Manda,Mewhirter,mmewhirter9g@trellian.com,Female,141.153.155.194,Poland,$8.86
342,Whittaker,Gillott,wgillott9h@wiley.com,Male,151.7.18.84,Belarus,$7.59
343,Tiffy,Fury,tfury9i@facebook.com,Female,195.236.142.138,Ghana,$9.45
344,Benyamin,Piscopello,bpiscopello9j@google.co.uk,Male,172.19.238.46,China,$3.44
345,Suzy,Andrivot,sandrivot9k@ocn.ne.jp,Female,254.145.41.11,Nigeria,$8.04
346,Solly,Lots,slots9l@unesco.org,Male,93.28.12.46,Russia,$1.03
347,Tristam,Fearnill,tfearnill9m@digg.com,Male,162.134.161.131,China,$4.59
348,Dorothee,D'Alwis,ddalwis9n@exblog.jp,Female,9.92.245.238,Cuba,$0.01
349,Anitra,Streater,astreater9o@ameblo.jp,Female,214.104.166.199,China,$6.93
350,Ian,Ettritch,iettritch9p@reference.com,Male,221.166.192.112,Denmark,$6.21
351,Melessa,Edon,medon9q@wikipedia.org,Female,207.21.204.255,Peru,$4.59
352,Renaud,McCaughey,rmccaughey9r@latimes.com,Male,111.69.218.8,Belarus,$3.73
353,Siffre,Vellacott,svellacott9s@odnoklassniki.ru,Male,248.67.145.237,Finland,$8.82
354,Cherise,Swinfon,cswinfon9t@oaic.gov.au,Female,220.111.238.66,Philippines,$5.70
355,Evie,Baskerfield,ebaskerfield9u@blogger.com,Female,218.252.144.142,Iceland,$2.36
356,Burl,Neenan,bneenan9v@dedecms.com,Male,214.18.24.17,Poland,$3.85
357,Spencer,Prandi,sprandi9w@quantcast.com,Male,146.46.113.184,Latvia,$1.13
358,Ambrosius,O'Sherin,aosherin9x@umn.edu,Male,11.173.40.195,Portugal,$6.33
359,Hermon,Piscotti,hpiscotti9y@myspace.com,Male,181.94.10.143,China,$1.48
360,Valentin,Minty,vminty9z@bing.com,Male,60.120.149.115,Colombia,$2.84
361,Abigael,Chadburn,achadburna0@storify.com,Female,4.162.79.201,Philippines,$3.64
362,Susanne,Spires,sspiresa1@w3.org,Female,35.114.71.209,China,$1.46
363,Amalita,Lemar,alemara2@jigsy.com,Female,1.105.175.208,Sweden,$10.00
364,Auria,Endrizzi,aendrizzia3@nps.gov,Female,169.177.154.58,Sri Lanka,$3.72
365,Vanya,Alexsandrev,valexsandreva4@geocities.com,Female,68.118.219.181,Russia,$2.04
366,Christiano,Spriggs,cspriggsa5@umich.edu,Male,222.76.162.86,Canada,$0.33
367,Rosamund,McMurty,rmcmurtya6@odnoklassniki.ru,Female,241.139.153.222,France,$7.50
368,Jamil,Sherborne,jsherbornea7@cpanel.net,Male,32.49.109.54,Philippines,$2.28
369,Maire,Camilio,mcamilioa8@google.cn,Female,5.93.166.224,Serbia,$1.20
370,Stanford,McGinnell,smcginnella9@nih.gov,Male,119.228.188.230,China,$6.07
371,Toddy,Bowditch,tbowditchaa@google.de,Male,49.117.78.50,China,$3.43
372,Eric,Filipowicz,efilipowiczab@fda.gov,Male,119.111.123.144,Peru,$7.14
373,Jacques,Crang,jcrangac@jugem.jp,Male,160.111.219.7,Slovenia,$1.88
374,Maren,Fernandez,mfernandezad@seattletimes.com,Female,222.41.189.38,Russia,$4.05
375,Nappy,Banasik,nbanasikae@hp.com,Male,136.114.75.59,Philippines,$0.34
376,Justine,Bleaden,jbleadenaf@flickr.com,Female,82.49.147.16,Portugal,$7.92
377,Padraig,Epton,peptonag@unblog.fr,Male,232.87.105.59,Poland,$9.86
378,Marget,Huntingdon,mhuntingdonah@webmd.com,Female,207.197.124.115,China,$9.05
379,Garret,Taree,gtareeai@ezinearticles.com,Male,197.255.228.146,Ireland,$3.92
380,Wilhelm,Hemphill,whemphillaj@cmu.edu,Male,90.111.20.119,Japan,$2.86
381,Andreana,Southworth,asouthworthak@sun.com,Female,254.105.63.140,China,$8.69
382,Filmore,Piel,fpielal@hp.com,Male,175.26.9.51,China,$4.37
383,Lulu,Jockle,ljockleam@washingtonpost.com,Female,122.130.106.67,China,$3.93
384,Issi,Yakunchikov,iyakunchikovan@wikia.com,Female,96.146.187.52,Philippines,$3.26
385,Raimondo,Scane,rscaneao@rambler.ru,Male,43.33.210.90,China,$9.80
386,Ame,Lound,aloundap@patch.com,Female,19.44.1.196,France,$7.64
387,Fidelia,Johannesson,fjohannessonaq@spiegel.de,Female,201.197.62.89,Mongolia,$0.40
388,Gene,Bridgens,gbridgensar@tumblr.com,Male,184.223.19.36,Dominican Republic,$6.93
389,Carmine,Piggens,cpiggensas@ftc.gov,Male,189.141.42.200,China,$4.16
390,Briant,Muris,bmurisat@bloglines.com,Male,223.150.69.159,China,$8.56
391,Jesse,Abarough,jabaroughau@w3.org,Male,38.69.121.231,Venezuela,$4.35
392,Amalle,Poyzer,apoyzerav@bluehost.com,Female,109.158.155.201,Zambia,$6.34
393,Stacee,Crowhurst,scrowhurstaw@nifty.com,Male,218.191.211.199,Mayotte,$8.48
394,Sunny,Velde,sveldeax@ftc.gov,Male,7.53.62.156,Serbia,$9.24
395,Tome,Cawsey,tcawseyay@yahoo.co.jp,Male,241.187.99.20,Egypt,$0.72
396,Shaylyn,Blakden,sblakdenaz@cbslocal.com,Female,189.149.106.113,Yemen,$6.12
397,Dyanna,Jansema,djansemab0@seattletimes.com,Female,203.25.65.124,Colombia,$0.15
398,Gavrielle,Bamling,gbamlingb1@vk.com,Female,235.19.161.255,France,$4.07
399,Martynne,Fiske,mfiskeb2@telegraph.co.uk,Female,174.209.32.167,Thailand,$9.99
400,Dina,Vossgen,dvossgenb3@dailymail.co.uk,Female,44.145.65.142,United States,$2.51
401,Therese,Ellery,telleryb4@cdc.gov,Female,167.147.228.249,Argentina,$8.16
402,Arabella,Ellicombe,aellicombeb5@hostgator.com,Female,123.148.29.234,China,$3.89
403,Jeff,Bough,jboughb6@yolasite.com,Male,69.158.43.101,Indonesia,$2.08
404,Pierette,Snipe,psnipeb7@ucoz.com,Female,160.195.73.48,China,$8.22
405,Ariel,Cottis,acottisb8@friendfeed.com,Male,84.226.91.124,China,$4.05
406,Pauly,Clearie,pclearieb9@msu.edu,Male,76.81.140.211,France,$0.71
407,Carie,Dowden,cdowdenba@google.nl,Female,81.17.46.203,Switzerland,$1.45
408,Tanner,Yacob,tyacobbb@tmall.com,Male,180.159.12.254,Czech Republic,$8.27
409,Deirdre,Stilling,dstillingbc@themeforest.net,Female,51.127.12.122,Russia,$8.40
410,Sonnnie,Graith,sgraithbd@sohu.com,Female,176.93.237.52,China,$0.35
411,Danya,Bullen,dbullenbe@rakuten.co.jp,Female,72.148.187.209,Poland,$0.78
412,Wendell,Niland,wnilandbf@skype.com,Male,210.195.246.81,France,$8.46
413,Orv,Stobbes,ostobbesbg@ucla.edu,Male,229.133.228.127,Poland,$8.12
414,Michaelina,Piscopiello,mpiscopiellobh@symantec.com,Female,25.253.231.255,Brazil,$1.64
415,Amargo,Worthy,aworthybi@indiatimes.com,Female,78.201.109.205,Indonesia,$7.17
416,Harvey,Woodworth,hwoodworthbj@exblog.jp,Male,30.200.239.253,Montserrat,$3.82
417,Bendite,Sweetsur,bsweetsurbk@hibu.com,Female,125.36.24.186,China,$6.03
418,Ilario,Stilling,istillingbl@slashdot.org,Male,230.52.11.49,Azerbaijan,$6.92
419,Magdaia,Polsin,mpolsinbm@soup.io,Female,32.174.205.85,Cuba,$3.18
420,Lars,Egdal,legdalbn@huffingtonpost.com,Male,232.1.200.143,Portugal,$7.14
421,Carce,Laidlaw,claidlawbo@ow.ly,Male,24.133.102.35,Portugal,$6.14
422,Costanza,Goggin,cgogginbp@opensource.org,Female,131.100.188.85,Brazil,$0.68
423,Johan,Guerrier,jguerrierbq@sciencedirect.com,Male,118.63.73.172,Tanzania,$5.24
424,Cammi,Gillease,cgilleasebr@xing.com,Female,11.199.174.47,China,$2.94
425,Berty,Aulsford,baulsfordbs@reference.com,Female,31.214.168.186,Sweden,$6.26
426,Ryley,Florio,rfloriobt@ycombinator.com,Male,39.140.91.165,France,$6.99
427,Nickola,Stirton,nstirtonbu@nba.com,Male,97.13.157.230,Russia,$5.75
428,Dewie,Sissens,dsissensbv@illinois.edu,Male,49.128.243.249,Indonesia,$5.76
429,Carrie,Pimlock,cpimlockbw@flavors.me,Female,155.12.64.181,Indonesia,$4.14
430,Sergio,Grey,sgreybx@trellian.com,Male,211.246.32.0,China,$0.89
431,Matilde,Barracks,mbarracksby@time.com,Female,179.201.158.83,China,$6.61
432,Layla,Zmitruk,lzmitrukbz@mozilla.com,Female,103.106.21.169,Sweden,$7.14
433,Angie,Steinson,asteinsonc0@privacy.gov.au,Female,179.190.220.46,Russia,$0.40
434,Teresina,Johnson,tjohnsonc1@paypal.com,Female,20.129.30.223,China,$3.39
435,Bo,Sliman,bslimanc2@canalblog.com,Male,27.59.233.232,Brazil,$8.80
436,Ambros,Canelas,acanelasc3@hc360.com,Male,193.67.69.228,Poland,$2.34
437,Sheff,Benduhn,sbenduhnc4@list-manage.com,Male,91.12.63.202,Afghanistan,$7.13
438,Bernardo,Beckworth,bbeckworthc5@mapquest.com,Male,23.248.119.160,Finland,$2.10
439,Doy,McKennan,dmckennanc6@wisc.edu,Male,103.152.116.151,China,$2.97
440,Alfredo,Harber,aharberc7@umn.edu,Male,157.246.63.68,Albania,$8.31
441,Nikolos,Daughtery,ndaughteryc8@mozilla.org,Male,245.24.214.254,Indonesia,$9.28
442,Wait,Lancastle,wlancastlec9@networksolutions.com,Male,115.95.73.38,Palestinian Territory,$9.93
443,Grady,Dahlman,gdahlmanca@cnn.com,Male,23.103.145.73,Japan,$2.89
444,Laurette,Tompkins,ltompkinscb@amazon.com,Female,122.224.233.123,China,$1.64
445,Elset,Dominicacci,edominicaccicc@salon.com,Female,247.223.47.5,China,$6.01
446,Galvin,Stenhouse,gstenhousecd@irs.gov,Male,98.184.108.226,Philippines,$5.98
447,Bunni,Rayman,braymance@cdc.gov,Female,70.66.71.252,South Africa,$3.33
448,Charlene,Ciardo,cciardocf@last.fm,Female,161.146.114.184,Poland,$1.51
449,Dottie,McCahey,dmccaheycg@list-manage.com,Female,40.242.82.24,China,$8.75
450,Luce,Whilder,lwhilderch@ovh.net,Male,167.52.221.69,United States,$8.89
451,Fanchon,Bum,fbumci@furl.net,Female,43.177.90.213,Argentina,$3.97
452,Ingar,Mallindine,imallindinecj@storify.com,Male,103.146.245.91,France,$5.78
453,Harlen,Noden,hnodenck@yahoo.co.jp,Male,178.119.2.200,Portugal,$8.22
454,Leyla,Norwood,lnorwoodcl@disqus.com,Female,121.40.92.130,Mexico,$1.12
455,Krystyna,Hurdman,khurdmancm@deliciousdays.com,Female,151.114.38.101,United States,$6.76
456,Elbertina,Bonson,ebonsoncn@cbsnews.com,Female,231.28.85.94,Argentina,$2.59
457,Norah,Dudin,ndudinco@google.ca,Female,181.146.42.221,Indonesia,$0.93
458,Rutger,Minister,rministercp@timesonline.co.uk,Male,97.227.127.164,Indonesia,$2.03
459,Gerri,Vigors,gvigorscq@csmonitor.com,Female,106.117.186.209,Russia,$7.69
460,Rey,Covil,rcovilcr@weibo.com,Female,4.153.186.213,Poland,$0.58
461,Delphinia,Haggas,dhaggascs@vkontakte.ru,Female,223.242.236.93,Indonesia,$8.51
462,Carmela,Gonoude,cgonoudect@homestead.com,Female,43.250.130.67,Czech Republic,$7.50
463,Biron,Piscot,bpiscotcu@ucsd.edu,Male,86.109.11.218,Japan,$4.17
464,Morna,Gummow,mgummowcv@vimeo.com,Female,198.198.38.152,China,$1.16
465,Else,Ponter,epontercw@vimeo.com,Female,26.103.89.83,Germany,$9.86
466,Milty,Steggles,mstegglescx@ox.ac.uk,Male,240.20.228.192,Belarus,$6.45
467,Ruddie,Hawking,rhawkingcy@elpais.com,Male,184.24.174.54,Poland,$6.38
468,Rodolphe,Northwood,rnorthwoodcz@sbwire.com,Male,96.183.140.110,Indonesia,$4.96
469,Hazel,Reeday,hreedayd0@arstechnica.com,Female,106.84.152.39,Indonesia,$0.71
470,Ferris,Karpinski,fkarpinskid1@bandcamp.com,Male,47.72.184.81,Ukraine,$1.94
471,Sherie,Southall,ssouthalld2@google.nl,Female,179.46.2.104,China,$6.81
472,Allen,Papen,apapend3@bing.com,Male,95.152.186.145,Nicaragua,$3.35
473,Kristoforo,Backsal,kbacksald4@weibo.com,Male,200.122.121.161,China,$6.77
474,Andreana,Erskine Sandys,aerskinesandysd5@dyndns.org,Female,92.149.242.212,Thailand,$7.65
475,Anton,Turnpenny,aturnpennyd6@bizjournals.com,Male,137.90.6.7,Indonesia,$9.52
476,Batholomew,Petigrew,bpetigrewd7@china.com.cn,Male,244.134.41.44,Tonga,$7.20
477,Fred,Jeaffreson,fjeaffresond8@army.mil,Female,47.113.198.39,Morocco,$9.59
478,Nolan,Bryant,nbryantd9@ed.gov,Male,202.60.204.69,Mexico,$8.40
479,Chic,Dawkes,cdawkesda@ed.gov,Male,139.192.41.82,Armenia,$4.56
480,Van,Pay,vpaydb@vinaora.com,Female,243.163.150.72,France,$4.16
481,Nikolaus,Cockshutt,ncockshuttdc@dagondesign.com,Male,195.192.10.134,Philippines,$9.02
482,Rene,Taveriner,rtaverinerdd@xing.com,Male,187.44.134.248,China,$7.51
483,Royal,Gawkes,rgawkesde@howstuffworks.com,Male,194.39.106.173,Latvia,$9.36
484,Dorthy,Sepey,dsepeydf@example.com,Female,147.104.99.115,Sweden,$4.25
485,Lynnet,Pegler,lpeglerdg@example.com,Female,135.224.140.136,Portugal,$7.40
486,Lizabeth,Sansbury,lsansburydh@infoseek.co.jp,Female,211.168.87.128,China,$9.95
487,Georgeanna,Troak,gtroakdi@cnbc.com,Female,90.157.80.167,Portugal,$0.32
488,Hugh,Sydney,hsydneydj@pagesperso-orange.fr,Male,216.111.172.167,Ethiopia,$2.26
489,Jordon,Girardoni,jgirardonidk@sbwire.com,Male,104.27.134.38,Japan,$4.56
490,Anthiathia,Nottram,anottramdl@timesonline.co.uk,Female,85.82.23.66,Poland,$8.94
491,Florencia,Sainter,fsainterdm@tuttocitta.it,Female,255.237.168.64,Japan,$7.04
492,Domeniga,Branni,dbrannidn@google.cn,Female,178.7.64.231,Russia,$8.21
493,Jsandye,Abelson,jabelsondo@tmall.com,Female,251.197.176.117,Argentina,$9.47
494,Craggie,Altimas,caltimasdp@economist.com,Male,230.81.72.201,Germany,$2.25
495,Blondelle,Betser,bbetserdq@webs.com,Female,175.65.167.235,China,$5.54
496,Arnoldo,Bruckenthal,abruckenthaldr@wikia.com,Male,112.133.132.159,Spain,$7.77
497,Niven,Matveichev,nmatveichevds@apache.org,Male,36.15.239.2,Russia,$0.90
498,Grantley,Hayselden,ghayseldendt@cnbc.com,Male,236.146.96.212,Indonesia,$1.01
499,Ruby,Matteucci,rmatteuccidu@seattletimes.com,Female,128.32.236.86,Peru,$5.78
500,Cecile,Cargo,ccargodv@liveinternet.ru,Female,225.255.185.7,Czech Republic,$9.04
501,Payton,Sheryn,psheryndw@merriam-webster.com,Male,111.6.20.61,China,$3.14
502,Sioux,Shark,ssharkdx@csmonitor.com,Female,171.254.70.121,China,$2.15
503,Isidore,Licas,ilicasdy@redcross.org,Male,95.112.125.57,Cuba,$8.18
504,Katey,Naisbet,knaisbetdz@umn.edu,Female,14.13.9.195,Sierra Leone,$7.65
505,Adelle,Measey,ameaseye0@imgur.com,Female,18.233.243.76,Cameroon,$0.71
506,Brew,Ricardet,bricardete1@vk.com,Male,166.100.87.54,Armenia,$6.37
507,Neel,Palleske,npalleskee2@wikispaces.com,Male,242.100.14.183,France,$2.41
508,Fanchon,Hampshire,fhampshiree3@wikia.com,Female,129.118.186.66,Indonesia,$9.28
509,Calli,Gaskamp,cgaskampe4@e-recht24.de,Female,77.28.22.192,Uganda,$1.37
510,Gabriel,Guillot,gguillote5@dmoz.org,Female,4.212.215.95,Philippines,$0.77
511,Jefferey,Gilhooley,jgilhooleye6@wikia.com,Male,108.182.178.174,Greece,$0.05
512,Nevins,Signoret,nsignorete7@deviantart.com,Male,21.78.49.26,Japan,$1.79
513,Grantley,Arniz,garnize8@bigcartel.com,Male,11.106.156.173,Spain,$7.82
514,Gaspar,Baudouin,gbaudouine9@acquirethisname.com,Male,89.79.81.108,Egypt,$4.10
515,Carla,Graalman,cgraalmanea@nature.com,Female,215.56.239.53,Albania,$0.20
516,Bjorn,Grigg,bgriggeb@freewebs.com,Male,207.211.48.110,China,$1.97
517,Haily,Matous,hmatousec@ed.gov,Male,244.137.169.23,Belarus,$4.47
518,Sibel,Wickwarth,swickwarthed@telegraph.co.uk,Female,159.145.0.123,Czech Republic,$2.19
519,Babbie,Pond,bpondee@newyorker.com,Female,77.248.67.144,Indonesia,$4.85
520,Tucky,Lermit,tlermitef@google.com.hk,Male,22.80.235.113,China,$8.44
521,Kiley,Langhorne,klanghorneeg@bloglines.com,Male,58.229.191.47,Portugal,$8.12
522,Huntlee,Gayler,hgaylereh@admin.ch,Male,182.169.184.130,China,$4.55
523,Mickie,Dockreay,mdockreayei@google.com.br,Female,71.132.135.182,Honduras,$1.07
524,Matias,Skpsey,mskpseyej@reverbnation.com,Male,25.191.243.158,Philippines,$0.01
525,Ethelin,Motten,emottenek@a8.net,Female,22.102.149.197,China,$1.41
526,Will,Conaboy,wconaboyel@illinois.edu,Male,155.159.195.13,Argentina,$3.14
527,Alley,Husby,ahusbyem@1688.com,Male,209.202.29.13,Moldova,$0.85
528,Benny,Dadley,bdadleyen@msu.edu,Male,51.201.122.123,Portugal,$2.65
529,Toinette,Tacon,ttaconeo@latimes.com,Female,117.47.123.122,Slovenia,$6.32
530,Fanechka,Kay,fkayep@blogspot.com,Female,34.238.32.32,Portugal,$7.42
531,Sondra,Gilbane,sgilbaneeq@google.co.jp,Female,180.16.163.47,Japan,$3.71
532,Ertha,Briamo,ebriamoer@pinterest.com,Female,37.94.124.8,Brazil,$0.69
533,Kiersten,Paffett,kpaffettes@fastcompany.com,Female,203.46.209.11,Poland,$1.22
534,Ketti,Broadhead,kbroadheadet@slideshare.net,Female,214.15.127.66,Czech Republic,$9.69
535,Inger,Measen,imeaseneu@theguardian.com,Female,172.78.227.105,United States,$4.39
536,Pooh,Standbrooke,pstandbrookeev@mayoclinic.com,Male,87.41.152.131,Indonesia,$6.80
537,Clifford,Duplan,cduplanew@businessinsider.com,Male,26.251.49.48,Namibia,$6.02
538,Thibaut,Mynard,tmynardex@harvard.edu,Male,181.236.20.69,Indonesia,$2.60
539,Rahal,Emig,remigey@unblog.fr,Female,32.123.242.108,France,$2.73
540,Yale,Denziloe,ydenziloeez@un.org,Male,147.211.236.123,Honduras,$3.09
541,Pernell,Connold,pconnoldf0@addthis.com,Male,56.140.216.199,China,$7.00
542,Levi,Dupree,ldupreef1@google.co.jp,Male,32.174.77.217,China,$0.05
543,Kingsley,Kinney,kkinneyf2@etsy.com,Male,194.149.15.50,Indonesia,$6.13
544,Brooke,Pindar,bpindarf3@rediff.com,Male,254.108.75.153,Portugal,$0.11
545,Janos,Weekly,jweeklyf4@soundcloud.com,Male,84.63.88.208,Reunion,$2.49
546,Stavro,Arnaud,sarnaudf5@wikipedia.org,Male,205.177.218.205,China,$3.02
547,Merle,Bastable,mbastablef6@elpais.com,Male,69.142.169.42,France,$2.20
548,Tonie,Strick,tstrickf7@dailymotion.com,Female,186.79.193.191,Poland,$0.35
549,Caprice,Valencia,cvalenciaf8@privacy.gov.au,Female,147.72.171.12,Poland,$0.27
550,Louella,Calvert,lcalvertf9@webmd.com,Female,178.139.224.238,Kosovo,$4.35
551,Stephie,Ludlam,sludlamfa@feedburner.com,Female,37.175.61.61,Madagascar,$5.70
552,Serena,Wogdon,swogdonfb@bing.com,Female,26.24.235.51,Sweden,$9.57
553,Torry,Phayre,tphayrefc@spotify.com,Male,185.1.155.66,China,$2.94
554,Mercy,Stubbe,mstubbefd@cocolog-nifty.com,Female,165.15.234.247,Peru,$6.36
555,Artur,Youel,ayouelfe@nhs.uk,Male,93.232.115.82,China,$2.10
556,Beryle,Bartholomieu,bbartholomieuff@list-manage.com,Female,3.9.187.125,China,$7.39
557,Ariel,Jeaneau,ajeaneaufg@scientificamerican.com,Male,7.109.165.219,Indonesia,$0.75
558,Ruprecht,Doorey,rdooreyfh@latimes.com,Male,28.41.34.165,Philippines,$1.50
559,Darren,Richie,drichiefi@hubpages.com,Male,61.93.41.65,Thailand,$2.86
560,Corine,McMahon,cmcmahonfj@slate.com,Female,184.28.96.69,Indonesia,$7.29
561,Cchaddie,Crutchfield,ccrutchfieldfk@joomla.org,Male,28.97.163.185,Russia,$9.50
562,Allyn,Champken,achampkenfl@yelp.com,Male,6.16.122.123,China,$4.73
563,Martelle,Batterbee,mbatterbeefm@domainmarket.com,Female,164.34.70.55,Poland,$6.16
564,Antonia,Avramow,aavramowfn@goo.ne.jp,Female,234.55.226.229,Japan,$1.10
565,Doreen,Crier,dcrierfo@marriott.com,Female,24.125.184.247,Czech Republic,$3.41
566,Gardy,Jeaffreson,gjeaffresonfp@1und1.de,Male,94.168.112.86,Brazil,$0.23
567,Bartholomeo,Fearne,bfearnefq@craigslist.org,Male,174.74.183.69,Russia,$3.85
568,Florri,Ramiro,framirofr@github.io,Female,108.235.3.133,Nigeria,$9.76
569,Lynn,Stiell,lstiellfs@sina.com.cn,Male,123.234.251.21,Netherlands,$6.90
570,Cobbie,Copnell,ccopnellft@yellowpages.com,Male,174.70.152.232,France,$6.59
571,Hal,MacKey,hmackeyfu@gov.uk,Male,144.156.60.72,Indonesia,$8.88
572,Johna,Beardsworth,jbeardsworthfv@gravatar.com,Female,85.113.128.129,Indonesia,$8.14
573,Alvis,Bowhey,abowheyfw@barnesandnoble.com,Male,158.102.239.171,China,$4.17
574,Noellyn,Tamsett,ntamsettfx@sbwire.com,Female,218.191.134.219,France,$2.75
575,Cristiano,Gwyn,cgwynfy@gov.uk,Male,107.181.40.145,China,$8.69
576,Melonie,Sheasby,msheasbyfz@imageshack.us,Female,208.96.77.106,China,$9.96
577,Kirby,Acaster,kacasterg0@vinaora.com,Male,3.1.219.194,Russia,$2.34
578,Maddie,Whatson,mwhatsong1@histats.com,Male,21.61.148.101,China,$3.67
579,Phillida,Menichi,pmenichig2@mysql.com,Female,29.190.192.248,United States,$7.32
580,Jeremiah,Markovich,jmarkovichg3@nasa.gov,Male,225.208.87.91,Indonesia,$3.41
581,Erastus,Terren,eterreng4@squidoo.com,Male,144.96.199.133,Guadeloupe,$7.76
582,Theda,Soper,tsoperg5@whitehouse.gov,Female,102.180.112.221,Macedonia,$5.51
583,Geoffrey,Jestico,gjesticog6@home.pl,Male,5.23.241.54,Indonesia,$3.27
584,Neal,Campaigne,ncampaigneg7@goo.gl,Male,75.203.140.5,United Kingdom,$2.77
585,Norbert,Fallon,nfallong8@opera.com,Male,101.28.125.51,Pakistan,$7.19
586,Ermin,Wye,ewyeg9@seesaa.net,Male,162.207.106.43,Sweden,$7.68
587,Red,Fremantle,rfremantlega@ehow.com,Male,13.216.32.19,China,$4.52
588,Asia,Sanzio,asanziogb@amazon.co.jp,Female,143.53.179.218,Pakistan,$6.77
589,Bern,Clitsome,bclitsomegc@ftc.gov,Male,134.159.70.82,Tanzania,$5.75
590,Cart,Launder,claundergd@soundcloud.com,Male,253.4.110.152,Sweden,$6.32
591,Veronica,Clemente,vclementege@oracle.com,Female,235.120.138.122,Brazil,$6.52
592,Eldon,Piddick,epiddickgf@dyndns.org,Male,255.53.59.221,Czech Republic,$6.34
593,Tammi,O'Hare,toharegg@i2i.jp,Female,195.178.9.196,Indonesia,$4.46
594,Zared,Bulgen,zbulgengh@bloglines.com,Male,113.204.66.191,Myanmar,$4.06
595,Minne,Wodham,mwodhamgi@vinaora.com,Female,153.40.42.80,Netherlands,$5.67
596,Shoshana,McVitty,smcvittygj@cam.ac.uk,Female,109.49.59.54,Croatia,$5.45
597,Carmina,Gudgen,cgudgengk@discuz.net,Female,163.93.138.45,Indonesia,$8.83
598,Clerc,Scupham,cscuphamgl@indiegogo.com,Male,232.236.35.70,Nigeria,$2.40
599,Modestine,Kemetz,mkemetzgm@mlb.com,Female,158.218.186.209,Poland,$0.13
600,Isobel,Narducci,inarduccign@people.com.cn,Female,235.148.74.3,Japan,$0.09
601,Dud,Kareman,dkaremango@chronoengine.com,Male,100.95.139.159,United Kingdom,$1.17
602,Raven,O'Heaney,roheaneygp@time.com,Female,243.196.252.150,China,$8.66
603,Lucho,O' Brian,lobriangq@linkedin.com,Male,218.209.62.231,Armenia,$6.63
604,Valida,Bachnic,vbachnicgr@imdb.com,Female,108.223.165.95,Armenia,$5.32
605,Amalita,Bedford,abedfordgs@umn.edu,Female,128.129.59.90,Brazil,$6.75
606,Fitzgerald,Makey,fmakeygt@prnewswire.com,Male,113.189.82.30,Japan,$9.18
607,Agustin,Raspison,araspisongu@mayoclinic.com,Male,29.165.195.46,Portugal,$7.46
608,Thacher,Dowse,tdowsegv@ed.gov,Male,162.75.254.225,Belgium,$6.93
609,Omar,Booton,obootongw@techcrunch.com,Male,115.209.199.37,China,$9.45
610,Mariquilla,Bernardos,mbernardosgx@flickr.com,Female,169.191.243.70,United States,$9.57
611,Roger,Cund,rcundgy@mediafire.com,Male,230.145.12.221,Indonesia,$6.74
612,Neila,Rapelli,nrapelligz@disqus.com,Female,172.38.38.126,Honduras,$6.12
613,Wendell,Ramelot,wrameloth0@time.com,Male,101.136.180.58,Philippines,$9.46
614,Filippo,Kassman,fkassmanh1@nature.com,Male,80.137.199.177,Zambia,$7.16
615,Blithe,Bouttell,bbouttellh2@ameblo.jp,Female,248.208.238.234,China,$1.06
616,Ella,Cogan,ecoganh3@whitehouse.gov,Female,32.35.116.45,Portugal,$5.80
617,Kennith,Crewes,kcrewesh4@loc.gov,Male,46.29.249.44,Sweden,$5.53
618,Helaina,Braybrooks,hbraybrooksh5@eepurl.com,Female,77.124.219.1,Russia,$4.21
619,Leeland,Jenks,ljenksh6@issuu.com,Male,15.93.131.12,Poland,$9.09
620,Naoma,Pluthero,nplutheroh7@geocities.com,Female,157.156.37.194,China,$7.14
621,Galvan,Greim,ggreimh8@yale.edu,Male,136.237.202.99,Poland,$4.57
622,Sallie,Halksworth,shalksworthh9@chron.com,Female,13.205.226.64,Brazil,$1.57
623,Sheffy,Dumbrill,sdumbrillha@businessweek.com,Male,207.38.254.121,Philippines,$6.01
624,Sandro,Smallpeace,ssmallpeacehb@wikia.com,Male,9.129.39.162,Russia,$7.39
625,Patrice,McMurray,pmcmurrayhc@hugedomains.com,Female,145.206.121.99,Peru,$5.39
626,Marlie,Rief,mriefhd@ox.ac.uk,Female,26.139.123.131,France,$0.41
627,Brody,Cerith,bcerithhe@ucsd.edu,Male,82.29.82.184,Philippines,$8.02
628,Norry,Ridder,nridderhf@addthis.com,Male,81.2.196.90,Egypt,$9.79
629,Jameson,Sandhill,jsandhillhg@parallels.com,Male,120.219.98.109,France,$8.08
630,Georgie,Hanster,ghansterhh@tinyurl.com,Male,140.96.54.123,Ethiopia,$2.27
631,Herb,McGunley,hmcgunleyhi@ycombinator.com,Male,184.90.154.37,Pakistan,$0.99
632,Carolan,Sumnall,csumnallhj@cloudflare.com,Female,24.122.239.108,Philippines,$6.64
633,Carolyn,Rosier,crosierhk@economist.com,Female,151.150.84.79,Indonesia,$9.77
634,Constantia,Troctor,ctroctorhl@shutterfly.com,Female,132.24.34.79,Kosovo,$0.98
635,Porter,Corran,pcorranhm@hc360.com,Male,79.147.75.64,Poland,$3.72
636,Annmaria,Pietron,apietronhn@aboutads.info,Female,69.97.224.72,Czech Republic,$8.61
637,Avis,Lancley,alancleyho@macromedia.com,Female,151.112.142.170,Russia,$3.77
638,Reynold,Lean,rleanhp@google.ca,Male,204.254.136.187,Trinidad and Tobago,$2.46
639,Elwood,Need,eneedhq@ehow.com,Male,88.197.183.128,Finland,$7.87
640,Henka,Gingel,hgingelhr@hubpages.com,Female,163.39.58.119,Brazil,$6.79
641,Lynn,Drury,ldruryhs@yahoo.co.jp,Male,148.143.129.100,China,$6.59
642,Miguel,Dumbreck,mdumbreckht@google.cn,Male,85.220.255.74,Thailand,$3.76
643,Danyelle,Cribbins,dcribbinshu@google.co.jp,Female,22.101.190.157,Philippines,$8.05
644,Fanchette,Corck,fcorckhv@comsenz.com,Female,1.125.213.85,Russia,$4.28
645,Sonnie,Brogiotti,sbrogiottihw@businessweek.com,Male,248.38.200.203,Poland,$7.97
646,Ira,Bowmaker,ibowmakerhx@wordpress.org,Female,19.10.46.50,Czech Republic,$4.95
647,Franny,Parlett,fparletthy@loc.gov,Male,12.28.229.158,China,$2.07
648,Cad,Rutigliano,crutiglianohz@nydailynews.com,Male,146.244.46.71,China,$3.50
649,Papagena,Tebboth,ptebbothi0@cloudflare.com,Female,27.25.18.64,Macedonia,$7.06
650,Ki,Cartan,kcartani1@usa.gov,Female,200.151.136.51,Mali,$1.25
651,Sybyl,Greenall,sgreenalli2@ning.com,Female,165.107.236.254,France,$3.46
652,Jada,O' Liddy,joliddyi3@irs.gov,Female,191.88.36.84,Indonesia,$6.71
653,Krishnah,Learman,klearmani4@goo.ne.jp,Male,97.15.186.145,Russia,$9.18
654,Lorelei,Tommasetti,ltommasettii5@hatena.ne.jp,Female,62.227.201.146,Portugal,$5.45
655,Leupold,Medendorp,lmedendorpi6@ucsd.edu,Male,60.129.151.75,China,$7.90
656,Jay,Seilmann,jseilmanni7@wordpress.com,Male,225.229.166.164,Afghanistan,$4.07
657,Tabb,Heatly,theatlyi8@spiegel.de,Male,161.224.138.212,Japan,$7.70
658,Gelya,Barfford,gbarffordi9@spotify.com,Female,248.137.93.19,Brazil,$2.09
659,Samuel,Edlyn,sedlynia@cargocollective.com,Male,5.147.176.147,Canada,$2.63
660,Gerald,Hews,ghewsib@booking.com,Male,255.207.40.217,Georgia,$0.67
661,Rossie,Meffin,rmeffinic@naver.com,Male,225.9.244.79,United States,$0.47
662,Hillyer,Beadman,hbeadmanid@blog.com,Male,215.228.45.40,China,$6.99
663,Virgie,Arnoldi,varnoldiie@infoseek.co.jp,Male,193.154.13.20,Bolivia,$6.95
664,Haily,Standrin,hstandrinif@ehow.com,Female,75.255.100.114,Pakistan,$6.05
665,Hyatt,Rowthorne,hrowthorneig@dyndns.org,Male,26.45.165.172,Morocco,$8.52
666,Rhodia,Jewers,rjewersih@issuu.com,Female,46.82.61.137,Brazil,$2.09
667,Wilhelmina,Tomasutti,wtomasuttiii@engadget.com,Female,50.96.49.223,Thailand,$6.45
668,Janos,Cullerne,jcullerneij@phoca.cz,Male,35.125.117.75,China,$4.31
669,Tremain,Whitsun,twhitsunik@washington.edu,Male,64.186.224.158,Indonesia,$8.60
670,Jeremias,Keeling,jkeelingil@theguardian.com,Male,80.207.165.31,Russia,$8.39
671,Gayleen,Spurryer,gspurryerim@yale.edu,Female,248.175.243.199,France,$7.97
672,Murdoch,Parlet,mparletin@craigslist.org,Male,214.221.142.162,Peru,$0.40
673,Marian,Renforth,mrenforthio@unesco.org,Female,81.27.82.237,New Zealand,$9.06
674,Clerc,Rowlin,crowlinip@miibeian.gov.cn,Male,104.61.193.210,Russia,$7.86
675,Zebulen,Pelfer,zpelferiq@wufoo.com,Male,93.191.189.68,China,$4.85
676,Hortense,Milan,hmilanir@netscape.com,Female,252.46.246.177,Philippines,$4.67
677,Yvon,Baynon,ybaynonis@harvard.edu,Male,158.67.107.105,Brazil,$3.42
678,Clyde,Popescu,cpopescuit@cpanel.net,Male,121.168.130.129,Azerbaijan,$4.44
679,Niall,Upwood,nupwoodiu@msu.edu,Male,120.103.36.168,Philippines,$8.66
680,Latrena,Tregunnah,ltregunnahiv@statcounter.com,Female,6.220.95.157,France,$1.55
681,Dennison,Draysay,ddraysayiw@hhs.gov,Male,85.74.139.246,Russia,$0.32
682,Teddy,De Carlo,tdecarloix@nps.gov,Female,64.194.46.242,Russia,$4.15
683,Andie,Grebbin,agrebbiniy@nymag.com,Female,249.144.215.102,China,$7.15
684,Giuditta,Ruffy,gruffyiz@utexas.edu,Female,10.234.42.74,Czech Republic,$3.13
685,Carma,Yallowley,cyallowleyj0@quantcast.com,Female,245.0.250.255,China,$5.93
686,Lemuel,Smethurst,lsmethurstj1@opensource.org,Male,67.150.19.51,Philippines,$1.07
687,Stephana,Ree,sreej2@indiegogo.com,Female,78.126.212.218,Indonesia,$8.82
688,Chelsie,Roelofs,croelofsj3@amazonaws.com,Female,117.226.38.8,China,$9.40
689,Kenny,Leadstone,kleadstonej4@eventbrite.com,Male,6.113.149.77,China,$9.23
690,Teena,Swatland,tswatlandj5@canalblog.com,Female,68.71.177.181,France,$3.91
691,Rogers,Guyver,rguyverj6@ihg.com,Male,230.144.112.127,Philippines,$5.15
692,Bearnard,Kitcat,bkitcatj7@issuu.com,Male,11.153.219.122,Russia,$8.18
693,Corinne,Pentelow,cpentelowj8@live.com,Female,64.238.114.245,Trinidad and Tobago,$3.77
694,Biddie,Prendeville,bprendevillej9@tinyurl.com,Female,181.72.139.62,China,$2.25
695,Fields,Fetherby,ffetherbyja@home.pl,Male,209.136.80.73,Pakistan,$9.75
696,Andrea,Goldthorp,agoldthorpjb@nps.gov,Female,250.97.66.19,Russia,$2.23
697,Haskel,Potes,hpotesjc@cdc.gov,Male,182.161.76.50,United States,$6.28
698,Lelah,Piatto,lpiattojd@oaic.gov.au,Female,146.42.196.186,Thailand,$3.23
699,Doralia,Gitthouse,dgitthouseje@t-online.de,Female,160.24.34.12,North Korea,$1.34
700,Abeu,Strongman,astrongmanjf@behance.net,Male,94.190.79.98,Portugal,$0.31
701,Gloriana,Paolinelli,gpaolinellijg@hhs.gov,Female,40.197.2.8,Portugal,$2.44
702,Ivie,Camamill,icamamilljh@wunderground.com,Female,234.252.134.25,China,$5.90
703,Giffie,Warhurst,gwarhurstji@exblog.jp,Male,4.1.57.193,Colombia,$7.35
704,Burton,Fibbens,bfibbensjj@google.nl,Male,175.65.234.89,China,$6.21
705,Job,Grassot,jgrassotjk@google.com,Male,242.76.118.176,Brazil,$9.37
706,Grethel,Alldritt,galldrittjl@istockphoto.com,Female,241.195.136.152,Sweden,$5.11
707,Rania,D' Angelo,rdangelojm@scribd.com,Female,243.195.144.92,Indonesia,$3.09
708,Chester,Thomazet,cthomazetjn@auda.org.au,Male,160.8.66.58,Colombia,$3.36
709,Anette,Gajewski,agajewskijo@illinois.edu,Female,19.111.4.107,Russia,$2.66
710,Nilson,Canto,ncantojp@goodreads.com,Male,196.90.104.158,Indonesia,$5.97
711,Fred,Ruse,frusejq@fema.gov,Female,77.64.168.189,China,$8.64
712,Yoko,Johann,yjohannjr@purevolume.com,Female,119.77.186.201,Indonesia,$4.85
713,Octavia,Beadon,obeadonjs@sun.com,Female,84.166.87.83,Russia,$8.36
714,Lavina,Bladen,lbladenjt@columbia.edu,Female,119.218.197.169,Nigeria,$4.93
715,Malia,Hurd,mhurdju@tamu.edu,Female,13.209.67.177,Venezuela,$5.98
716,Deni,Di Antonio,ddiantoniojv@csmonitor.com,Female,245.252.216.36,Sweden,$0.95
717,Katy,Embleton,kembletonjw@narod.ru,Female,244.1.19.163,China,$7.81
718,Hermie,Kaubisch,hkaubischjx@slashdot.org,Male,25.73.28.139,Belarus,$4.58
719,Melicent,Grewes,mgrewesjy@noaa.gov,Female,30.81.13.197,Serbia,$9.77
720,Cynthia,Pepys,cpepysjz@webeden.co.uk,Female,240.179.191.242,Poland,$8.58
721,Heidi,Kloska,hkloskak0@nationalgeographic.com,Female,175.142.44.235,Croatia,$0.37
722,Tobe,Andrus,tandrusk1@facebook.com,Male,226.33.26.140,Thailand,$3.69
723,Darda,Morin,dmorink2@mapy.cz,Female,125.252.84.67,Sweden,$8.36
724,Kacey,Futcher,kfutcherk3@usa.gov,Female,49.186.93.48,Philippines,$5.01
725,Theobald,Snipe,tsnipek4@who.int,Male,121.88.68.69,Azerbaijan,$6.88
726,Abbey,Edelheit,aedelheitk5@miibeian.gov.cn,Female,227.137.69.229,Russia,$8.24
727,Shana,McKenna,smckennak6@netvibes.com,Female,70.130.246.217,China,$6.28
728,Charlene,Crace,ccracek7@gizmodo.com,Female,135.105.197.40,China,$7.70
729,Alissa,Setchfield,asetchfieldk8@hud.gov,Female,194.207.3.104,China,$1.52
730,Frederigo,Asee,faseek9@paginegialle.it,Male,193.248.179.141,South Korea,$6.64
731,Jayson,Tumini,jtuminika@mozilla.com,Male,101.3.126.205,China,$5.44
732,Rudiger,Gellett,rgellettkb@surveymonkey.com,Male,164.198.95.144,China,$0.81
733,Ramsay,Falk,rfalkkc@clickbank.net,Male,21.203.211.41,Indonesia,$5.50
734,Antonio,Geraldini,ageraldinikd@fema.gov,Male,230.91.88.137,United States,$1.43
735,Josephina,Ackred,jackredke@ow.ly,Female,151.175.168.16,China,$3.60
736,Kristal,Larenson,klarensonkf@biglobe.ne.jp,Female,6.127.226.64,Poland,$8.63
737,Effie,Gonnel,egonnelkg@springer.com,Female,3.14.26.55,China,$8.67
738,Homere,Antonognoli,hantonognolikh@home.pl,Male,72.8.110.136,Indonesia,$7.92
739,Ingelbert,Murrum,imurrumki@bloglines.com,Male,25.114.165.200,China,$1.48
740,Holmes,Spain,hspainkj@cisco.com,Male,97.148.10.244,Thailand,$9.82
741,Fred,McGinny,fmcginnykk@qq.com,Male,52.252.200.25,Indonesia,$5.40
742,Inglebert,Ferris,iferriskl@cargocollective.com,Male,85.255.146.168,Japan,$9.08
743,Amandy,Colquyte,acolquytekm@mediafire.com,Female,151.13.219.201,Nigeria,$6.96
744,Nye,Brenard,nbrenardkn@businessinsider.com,Male,240.11.52.167,Indonesia,$9.00
745,Mead,Mackness,mmacknessko@uol.com.br,Female,150.191.183.141,El Salvador,$3.64
746,Rollie,Lochhead,rlochheadkp@mac.com,Male,18.8.78.11,Russia,$3.20
747,Ibrahim,Raiker,iraikerkq@auda.org.au,Male,32.211.71.174,North Korea,$3.45
748,Louisette,Wybern,lwybernkr@washingtonpost.com,Female,36.36.207.187,France,$3.05
749,Waylen,Plewright,wplewrightks@ning.com,Male,83.251.210.60,Russia,$1.15
750,Mattias,Mattack,mmattackkt@opensource.org,Male,138.42.175.88,China,$1.97
751,Godfree,Salvage,gsalvageku@cisco.com,Male,254.90.167.28,France,$2.06
752,Stefano,Mepsted,smepstedkv@merriam-webster.com,Male,213.47.23.4,Uganda,$5.73
753,Olly,Topaz,otopazkw@latimes.com,Female,191.105.36.95,Russia,$3.46
754,Debra,Spelsbury,dspelsburykx@netlog.com,Female,243.14.32.35,Iran,$3.57
755,Minnie,Wheowall,mwheowallky@google.cn,Female,152.239.90.36,France,$7.87
756,Dunstan,Steven,dstevenkz@surveymonkey.com,Male,92.172.81.227,Indonesia,$6.12
757,Nancy,Ramirez,nramirezl0@hud.gov,Female,140.56.46.242,Sweden,$4.41
758,Fanechka,Roskell,froskelll1@barnesandnoble.com,Female,53.71.28.1,Paraguay,$3.08
759,Courtney,Bowcock,cbowcockl2@biglobe.ne.jp,Male,13.225.65.97,Portugal,$2.60
760,Sutherland,McLukie,smclukiel3@oakley.com,Male,3.6.137.255,Sweden,$8.43
761,Philip,Hovert,phovertl4@ehow.com,Male,116.229.201.172,Russia,$6.67
762,Jacqui,Krause,jkrausel5@diigo.com,Female,187.35.54.42,Jamaica,$3.52
763,Kore,Wasielewicz,kwasielewiczl6@mozilla.com,Female,69.245.59.69,Indonesia,$0.43
764,Justen,Wallis,jwallisl7@mysql.com,Male,19.228.193.192,Philippines,$9.30
765,Reinald,Waller,rwallerl8@webnode.com,Male,27.55.27.176,China,$4.74
766,Anissa,Lismore,alismorel9@nyu.edu,Female,254.98.81.24,Thailand,$9.64
767,Sabra,Tredger,stredgerla@paginegialle.it,Female,122.211.24.68,Peru,$8.71
768,Kylie,Barber,kbarberlb@zimbio.com,Male,197.79.188.149,Philippines,$6.79
769,Dare,Vinick,dvinicklc@geocities.jp,Male,127.54.31.253,Indonesia,$9.71
770,Ilaire,Apple,iappleld@cloudflare.com,Male,154.196.159.141,Czech Republic,$4.12
771,Laney,Fritter,lfritterle@xing.com,Female,189.125.123.10,Indonesia,$8.29
772,Stephine,Cocklie,scocklielf@patch.com,Female,182.149.190.13,China,$5.78
773,Amargo,Park,aparklg@dailymotion.com,Female,33.111.0.223,China,$5.58
774,Barby,Matuschek,bmatuscheklh@mapquest.com,Female,246.198.178.18,Philippines,$4.69
775,Dora,Dullaghan,ddullaghanli@stumbleupon.com,Female,230.251.187.43,China,$3.73
776,Diane-marie,Petrollo,dpetrollolj@dailymail.co.uk,Female,90.206.91.63,Brazil,$6.74
777,Biddy,Clitsome,bclitsomelk@cdbaby.com,Female,190.27.40.54,Russia,$2.96
778,Brittney,Sheppard,bsheppardll@paypal.com,Female,13.228.109.138,Indonesia,$5.44
779,Simon,Bramwell,sbramwelllm@dion.ne.jp,Male,135.170.137.33,Indonesia,$5.67
780,Noah,Hancill,nhancillln@wufoo.com,Male,76.207.29.38,Morocco,$1.73
781,Moise,de Villier,mdevillierlo@goodreads.com,Male,189.35.127.18,Qatar,$3.48
782,Davida,Frankel,dfrankellp@ow.ly,Female,249.85.19.78,Indonesia,$1.22
783,Emmit,Manion,emanionlq@plala.or.jp,Male,195.32.204.45,China,$0.65
784,Mellicent,Guiot,mguiotlr@google.de,Female,6.141.26.171,China,$6.39
785,Chloette,Fitzpayn,cfitzpaynls@shareasale.com,Female,225.26.184.15,Finland,$3.88
786,Delphine,Spellesy,dspellesylt@live.com,Female,101.137.56.77,Portugal,$2.94
787,Druci,Ternent,dternentlu@nih.gov,Female,58.182.72.161,Philippines,$4.87
788,Elonore,Breadon,ebreadonlv@ted.com,Female,148.57.142.138,Indonesia,$3.97
789,Gideon,Balog,gbaloglw@elegantthemes.com,Male,167.184.154.176,Iran,$0.14
790,Clarine,Beel,cbeellx@epa.gov,Female,198.154.212.57,Thailand,$4.60
791,Dwain,Matteris,dmatterisly@statcounter.com,Male,47.67.162.31,China,$3.02
792,Herminia,Meadowcraft,hmeadowcraftlz@quantcast.com,Female,87.55.14.116,France,$9.15
793,Benjamin,Fortman,bfortmanm0@lulu.com,Male,108.214.21.229,Russia,$0.76
794,Lenard,D'Aguanno,ldaguannom1@guardian.co.uk,Male,183.118.56.195,Philippines,$7.06
795,Bent,Ivain,bivainm2@goodreads.com,Male,245.130.254.77,Democratic Republic of the Congo,$2.76
796,Dwight,Nickerson,dnickersonm3@blogtalkradio.com,Male,132.15.214.48,China,$1.43
797,Mikael,Brogiotti,mbrogiottim4@dailymotion.com,Male,137.176.27.190,China,$9.32
798,Alwyn,Tanzer,atanzerm5@newyorker.com,Male,224.73.115.163,Serbia,$1.44
799,Kippar,Rabb,krabbm6@github.io,Male,138.172.107.229,China,$5.96
800,Agna,Kitching,akitchingm7@netvibes.com,Female,211.140.137.105,Russia,$1.01
801,Fonz,Lossman,flossmanm8@google.it,Male,142.251.37.93,Indonesia,$3.60
802,Ferris,Wentworth,fwentworthm9@cdc.gov,Male,138.115.182.250,Paraguay,$7.16
803,Sydelle,Farden,sfardenma@businessinsider.com,Female,27.148.81.13,Argentina,$3.52
804,Brander,Rue,bruemb@dropbox.com,Male,51.206.38.217,China,$0.67
805,Hymie,Blowen,hblowenmc@indiatimes.com,Male,181.97.173.85,South Africa,$6.77
806,Tadeas,Pashbee,tpashbeemd@noaa.gov,Male,188.175.31.31,Nepal,$5.60
807,Madelina,Mairs,mmairsme@shinystat.com,Female,38.90.163.78,Japan,$1.72
808,Filip,Sotham,fsothammf@earthlink.net,Male,251.209.16.67,Palestinian Territory,$8.10
809,Gunar,McGeachy,gmcgeachymg@mtv.com,Male,9.170.162.229,Uruguay,$8.26
810,Gradeigh,Plitz,gplitzmh@yellowpages.com,Male,159.161.146.163,Chad,$7.53
811,Jerri,Fraanchyonok,jfraanchyonokmi@cbsnews.com,Male,234.186.8.130,Thailand,$5.99
812,Adelbert,Kirkebye,akirkebyemj@google.com.hk,Male,177.1.158.87,China,$4.51
813,Carmella,Roxbrough,croxbroughmk@abc.net.au,Female,248.185.47.123,Portugal,$4.16
814,Isac,Theis,itheisml@tripod.com,Male,82.63.5.46,Mongolia,$0.79
815,Bond,Castellone,bcastellonemm@jimdo.com,Male,205.68.59.167,Vietnam,$9.36
816,Inglis,McGettigan,imcgettiganmn@nifty.com,Male,202.215.177.244,Indonesia,$8.78
817,Allyn,Kupke,akupkemo@php.net,Male,104.147.250.82,United States,$5.99
818,Olvan,Mattersley,omattersleymp@cpanel.net,Male,243.189.218.135,China,$0.11
819,Benyamin,Llewellin,bllewellinmq@twitter.com,Male,5.141.150.254,Kosovo,$8.18
820,Alysia,Iddenden,aiddendenmr@shop-pro.jp,Female,16.249.168.242,China,$2.56
821,Shir,ducarme,sducarmems@de.vu,Female,3.114.24.239,Czech Republic,$0.66
822,Camile,Yurikov,cyurikovmt@gov.uk,Female,17.35.77.49,Honduras,$8.38
823,Colin,Ielden,cieldenmu@biglobe.ne.jp,Male,61.221.217.218,China,$8.54
824,Delia,Ousley,dousleymv@answers.com,Female,248.228.188.15,Poland,$6.44
825,Noland,Boraston,nborastonmw@arizona.edu,Male,113.46.50.249,Israel,$8.43
826,Moishe,Fahy,mfahymx@sphinn.com,Male,131.196.164.83,Gambia,$7.11
827,Jillian,Redding,jreddingmy@microsoft.com,Female,49.228.250.4,China,$0.74
828,Iorgo,Clem,iclemmz@sakura.ne.jp,Male,114.190.16.75,Canada,$7.35
829,Alexine,Slidders,asliddersn0@cdc.gov,Female,69.161.119.189,Mexico,$6.72
830,Welsh,Hanney,whanneyn1@spiegel.de,Male,87.26.141.237,Egypt,$4.06
831,Talia,Bertomier,tbertomiern2@parallels.com,Female,204.69.192.195,Indonesia,$2.98
832,Darnall,Pestridge,dpestridgen3@pen.io,Male,187.153.170.93,Yemen,$6.79
833,Erika,Mackriell,emackrielln4@4shared.com,Female,253.193.28.197,China,$1.78
834,Donnell,Levett,dlevettn5@cloudflare.com,Male,222.82.227.35,Philippines,$6.80
835,Sigfrid,Arend,sarendn6@bbc.co.uk,Male,19.89.120.15,China,$5.10
836,Janaya,Askam,jaskamn7@archive.org,Female,199.239.120.59,China,$7.77
837,Chilton,Aiken,caikenn8@google.co.jp,Male,240.102.24.206,France,$8.36
838,Oren,Diggell,odiggelln9@chron.com,Male,239.254.75.28,Brazil,$4.93
839,Claire,Isgate,cisgatena@weibo.com,Female,75.186.80.83,Serbia,$8.79
840,Shirline,Abercrombie,sabercrombienb@nps.gov,Female,198.18.63.55,Philippines,$3.10
841,Lyndsay,McCrackan,lmccrackannc@mapy.cz,Female,236.67.85.137,Venezuela,$9.09
842,Cassandry,Basketfield,cbasketfieldnd@arstechnica.com,Female,79.182.229.152,Ireland,$9.74
843,Adair,Fresson,afressonne@drupal.org,Male,25.182.162.236,Peru,$3.85
844,Malvina,Doy,mdoynf@economist.com,Female,128.207.61.137,Portugal,$6.49
845,Devonne,Gail,dgailng@etsy.com,Female,28.172.203.204,Japan,$9.84
846,Rickard,Grimsdith,rgrimsdithnh@earthlink.net,Male,173.230.224.186,France,$9.23
847,Otes,Stirton,ostirtonni@infoseek.co.jp,Male,200.47.214.48,Poland,$7.59
848,Marlo,Elsip,melsipnj@nih.gov,Male,84.1.64.124,Malta,$0.80
849,Janeczka,Saynor,jsaynornk@hostgator.com,Female,38.221.233.3,Indonesia,$6.10
850,Lethia,Rubenfeld,lrubenfeldnl@usatoday.com,Female,68.42.35.64,Indonesia,$4.81
851,Lauraine,Iskow,liskownm@360.cn,Female,154.135.185.135,Philippines,$9.89
852,Kendal,Braney,kbraneynn@infoseek.co.jp,Male,194.245.66.67,Norway,$5.98
853,Rochell,Tartt,rtarttno@census.gov,Female,254.134.28.108,Argentina,$0.51
854,Kliment,Santarelli,ksantarellinp@furl.net,Male,135.102.129.121,Vietnam,$0.53
855,North,Clemo,nclemonq@accuweather.com,Male,148.83.125.49,Madagascar,$2.56
856,Jdavie,Cluse,jclusenr@yelp.com,Male,15.48.130.61,Saudi Arabia,$7.04
857,Jo-anne,Vickerstaff,jvickerstaffns@timesonline.co.uk,Female,17.2.189.11,Somalia,$3.85
858,Tim,Gawn,tgawnnt@ucoz.ru,Male,191.211.201.113,Chile,$1.60
859,Gabbie,Rayworth,grayworthnu@newyorker.com,Male,224.219.134.27,Sweden,$7.98
860,Brenden,Tookill,btookillnv@youtube.com,Male,196.125.155.70,South Africa,$3.66
861,Dukey,Edgar,dedgarnw@unicef.org,Male,54.143.61.34,Tunisia,$2.22
862,Moselle,Ragsdale,mragsdalenx@nature.com,Female,59.186.82.210,Argentina,$9.92
863,Remington,Bamfield,rbamfieldny@msn.com,Male,211.100.135.181,China,$3.89
864,Elianore,Orhrt,eorhrtnz@soundcloud.com,Female,12.26.161.33,Indonesia,$9.10
865,Victoria,Bedow,vbedowo0@bandcamp.com,Female,150.233.163.68,China,$5.34
866,Briggs,Gery,bgeryo1@odnoklassniki.ru,Male,149.154.251.218,Finland,$2.81
867,Jacki,Jacobssen,jjacobsseno2@gmpg.org,Female,92.94.251.138,Chile,$7.07
868,Eugenia,Tocqueville,etocquevilleo3@cisco.com,Female,221.252.222.23,Bolivia,$7.61
869,Mabel,Janosevic,mjanosevico4@hhs.gov,Female,51.228.35.182,Rwanda,$7.54
870,Samuele,Tolerton,stolertono5@japanpost.jp,Male,54.42.214.144,Canada,$3.75
871,Aliza,Thumann,athumanno6@xing.com,Female,99.67.49.138,Czech Republic,$6.04
872,Keri,Leber,klebero7@bravesites.com,Female,100.193.24.113,Czech Republic,$6.92
873,Dayle,Elleray,dellerayo8@1und1.de,Female,160.206.75.170,China,$5.37
874,Tess,Petruszka,tpetruszkao9@sciencedaily.com,Female,83.203.14.20,Russia,$2.62
875,Hercules,Poxon,hpoxonoa@washingtonpost.com,Male,232.127.218.56,Yemen,$9.24
876,Pavla,Janicek,pjanicekob@imdb.com,Female,210.36.19.71,Liberia,$4.78
877,Theodore,Samwayes,tsamwayesoc@alexa.com,Male,114.238.88.123,Russia,$2.74
878,Holli,Danneil,hdanneilod@epa.gov,Female,97.194.75.62,Argentina,$4.21
879,Grethel,Snartt,gsnarttoe@netlog.com,Female,55.71.123.205,Indonesia,$4.12
880,Otho,Soitoux,osoitouxof@soundcloud.com,Male,1.166.227.80,Bosnia and Herzegovina,$5.70
881,Morton,Hodge,mhodgeog@bloglovin.com,Male,77.221.8.41,China,$3.54
882,Boy,McLennan,bmclennanoh@privacy.gov.au,Male,144.191.204.53,China,$2.90
883,Tadeo,Kleinfeld,tkleinfeldoi@w3.org,Male,77.43.129.54,Slovenia,$8.62
884,Tobe,Chalfont,tchalfontoj@barnesandnoble.com,Female,28.174.147.133,Brazil,$2.21
885,Bobby,Lintott,blintottok@mapy.cz,Male,239.50.222.134,China,$1.38
886,Carita,Raysdale,craysdaleol@techcrunch.com,Female,212.131.3.28,Indonesia,$4.43
887,Cati,Itchingham,citchinghamom@google.fr,Female,191.162.253.98,China,$1.33
888,Clem,Ryhorovich,cryhorovichon@deviantart.com,Male,18.31.232.15,Uzbekistan,$5.40
889,Kristen,Leebetter,kleebetteroo@google.co.uk,Female,38.29.149.140,Bosnia and Herzegovina,$9.37
890,Carree,Perrone,cperroneop@slashdot.org,Female,31.104.172.82,Poland,$2.14
891,Garfield,Muckersie,gmuckersieoq@microsoft.com,Male,76.111.49.54,Portugal,$6.37
892,Zeb,Bainton,zbaintonor@artisteer.com,Male,126.54.129.161,Pakistan,$2.60
893,Harrie,De Leek,hdeleekos@wisc.edu,Female,223.189.160.198,China,$2.49
894,Raf,Plowright,rplowrightot@tmall.com,Female,0.218.219.217,Kenya,$6.58
895,Colman,Reddoch,creddochou@shutterfly.com,Male,140.48.3.150,Czech Republic,$8.21
896,Cosette,Thaim,cthaimov@hc360.com,Female,103.214.52.218,China,$9.19
897,Hermy,Audsley,haudsleyow@omniture.com,Male,185.22.216.16,Philippines,$7.94
898,Dorri,Durham,ddurhamox@admin.ch,Female,80.93.118.56,Colombia,$9.75
899,Reinaldo,Klink,rklinkoy@admin.ch,Male,39.166.136.40,Brazil,$0.52
900,Blanche,Lawful,blawfuloz@usda.gov,Female,248.71.116.169,Russia,$5.10
901,Timoteo,Prin,tprinp0@typepad.com,Male,151.232.252.37,Russia,$9.94
902,Lesley,Warlton,lwarltonp1@usgs.gov,Male,42.148.46.205,China,$8.60
903,Lotta,Verlinde,lverlindep2@digg.com,Female,3.150.233.188,China,$1.64
904,Karlik,Isaacson,kisaacsonp3@aboutads.info,Male,131.126.172.47,China,$6.17
905,Mercedes,Macieja,mmaciejap4@rambler.ru,Female,206.111.98.107,Ecuador,$9.84
906,Emmanuel,Preto,epretop5@yahoo.com,Male,204.247.93.170,Croatia,$9.38
907,Harv,Ruprich,hruprichp6@myspace.com,Male,71.247.114.209,Nigeria,$3.02
908,Elias,Yurov,eyurovp7@ucoz.com,Male,107.80.109.167,Philippines,$7.75
909,Marin,Ilbert,milbertp8@wisc.edu,Female,136.4.130.249,Argentina,$2.05
910,Donielle,Christon,dchristonp9@altervista.org,Female,59.23.236.53,Indonesia,$3.89
911,Micki,McCurt,mmccurtpa@paginegialle.it,Female,93.80.91.225,Yemen,$3.25
912,Lynett,Dankersley,ldankersleypb@nih.gov,Female,116.131.159.245,Estonia,$7.79
913,Ursulina,Cowherd,ucowherdpc@miitbeian.gov.cn,Female,68.184.71.149,China,$0.68
914,Richie,Oliver-Paull,roliverpaullpd@oakley.com,Male,149.185.38.190,Brazil,$7.41
915,Nanci,Eisold,neisoldpe@163.com,Female,112.128.20.183,Philippines,$0.07
916,Sherwynd,Strass,sstrasspf@de.vu,Male,18.252.119.71,United States,$9.46
917,Luciano,Henrichsen,lhenrichsenpg@adobe.com,Male,212.188.13.48,Argentina,$7.73
918,Cirstoforo,O'Hickey,cohickeyph@bloomberg.com,Male,77.135.10.52,Philippines,$9.27
919,Matthaeus,Scolding,mscoldingpi@tuttocitta.it,Male,177.242.171.185,Sweden,$5.77
920,Quincy,Starmer,qstarmerpj@squarespace.com,Male,69.237.39.47,Canada,$4.69
921,Wayne,Ketteringham,wketteringhampk@github.io,Male,76.209.19.80,Georgia,$9.86
922,Shandie,Pitcher,spitcherpl@liveinternet.ru,Female,218.6.147.187,China,$6.21
923,Karna,Finding,kfindingpm@ftc.gov,Female,87.195.236.204,France,$9.22
924,Sherm,Streeton,sstreetonpn@tmall.com,Male,138.199.233.151,Kazakhstan,$1.31
925,Helen,Mico,hmicopo@alibaba.com,Female,53.70.83.76,China,$8.61
926,Jacki,Pau,jpaupp@yellowbook.com,Female,212.140.168.49,Brazil,$4.49
927,Arlen,Kesterton,akestertonpq@intel.com,Male,207.50.51.136,Indonesia,$7.46
928,Kirsteni,Aldwich,kaldwichpr@example.com,Female,105.78.201.174,Ireland,$1.35
929,Gayelord,Heintsch,gheintschps@scientificamerican.com,Male,219.64.248.168,China,$1.23
930,Bone,Wimbridge,bwimbridgept@g.co,Male,44.113.133.173,Japan,$2.61
931,Roi,Blumsom,rblumsompu@ning.com,Male,245.117.139.252,Poland,$3.07
932,Jard,Karlmann,jkarlmannpv@ftc.gov,Male,131.166.171.70,Ukraine,$9.30
933,Donnell,Piatek,dpiatekpw@disqus.com,Male,183.77.87.66,Peru,$2.71
934,Gwynne,Muzzollo,gmuzzollopx@berkeley.edu,Female,242.65.40.135,Greece,$6.23
935,Sky,Bruckmann,sbruckmannpy@technorati.com,Male,146.14.137.53,Philippines,$1.57
936,Bartlet,Haughian,bhaughianpz@nbcnews.com,Male,35.221.42.32,China,$1.49
937,Stace,Schulkins,sschulkinsq0@census.gov,Female,41.144.228.126,Indonesia,$2.91
938,Colene,Cregan,ccreganq1@aboutads.info,Female,64.119.0.193,France,$1.78
939,Keeley,Sacchetti,ksacchettiq2@unc.edu,Female,180.162.227.174,Palestinian Territory,$3.00
940,Elinor,Tullot,etullotq3@usa.gov,Female,167.169.190.146,China,$0.90
941,Kristal,Feldmesser,kfeldmesserq4@reverbnation.com,Female,250.211.227.164,Ireland,$3.26
942,Myriam,Collet,mcolletq5@ocn.ne.jp,Female,133.101.212.252,Czech Republic,$4.22
943,Harcourt,Agates,hagatesq6@ocn.ne.jp,Male,244.82.240.180,Philippines,$9.02
944,Claus,Highway,chighwayq7@stumbleupon.com,Male,255.146.136.60,Nigeria,$4.00
945,Caresa,Argont,cargontq8@cornell.edu,Female,241.133.229.18,France,$2.31
946,Simeon,Dulwich,sdulwichq9@pbs.org,Male,174.0.123.53,China,$9.55
947,Alic,Toun,atounqa@vk.com,Male,249.122.75.12,Indonesia,$1.17
948,Archambault,Errichelli,aerrichelliqb@reuters.com,Male,229.184.237.157,Venezuela,$2.21
949,Sax,Creamer,screamerqc@bigcartel.com,Male,125.112.230.215,Peru,$2.64
950,Dyan,Edgecombe,dedgecombeqd@sciencedaily.com,Female,176.115.75.45,Botswana,$6.25
951,Bobina,Douse,bdouseqe@example.com,Female,217.133.22.9,Poland,$5.05
952,Halsy,Birbeck,hbirbeckqf@gravatar.com,Male,49.212.66.233,Lebanon,$4.42
953,Marijn,Kunzelmann,mkunzelmannqg@etsy.com,Male,127.45.92.23,Mexico,$5.78
954,Correna,Lunt,cluntqh@examiner.com,Female,198.153.190.82,Canada,$6.68
955,Karla,Minocchi,kminocchiqi@miitbeian.gov.cn,Female,3.229.120.41,China,$6.54
956,Barny,Boucher,bboucherqj@mozilla.com,Male,55.126.126.61,Dominican Republic,$1.77
957,Lari,Thomerson,lthomersonqk@jimdo.com,Female,176.92.194.95,Chile,$9.88
958,Steward,Priver,spriverql@skyrock.com,Male,147.152.8.121,Philippines,$7.66
959,Abbye,Leonida,aleonidaqm@whitehouse.gov,Female,193.9.100.47,Ethiopia,$5.28
960,Darwin,Palfrie,dpalfrieqn@histats.com,Male,77.165.26.227,Mozambique,$9.96
961,Jermaine,Giovannilli,jgiovannilliqo@zimbio.com,Male,209.70.38.178,Israel,$7.68
962,Mel,Sorro,msorroqp@multiply.com,Male,246.36.144.138,Greece,$3.88
963,Rebeca,Soppit,rsoppitqq@baidu.com,Female,53.175.218.76,Argentina,$7.07
964,Meier,Dominelli,mdominelliqr@posterous.com,Male,203.156.147.115,East Timor,$4.65
965,Onfroi,Doig,odoigqs@github.io,Male,5.236.139.153,Russia,$1.71
966,Elly,Bearns,ebearnsqt@foxnews.com,Female,155.6.189.89,Bulgaria,$0.06
967,Quill,Hillyatt,qhillyattqu@moonfruit.com,Male,198.175.100.21,Vietnam,$8.27
968,Amalita,Whithorn,awhithornqv@issuu.com,Female,112.90.45.167,Italy,$2.01
969,Tamiko,Izhak,tizhakqw@accuweather.com,Female,134.200.103.117,Mexico,$8.68
970,Griffith,Redholls,gredhollsqx@kickstarter.com,Male,110.201.105.101,Cuba,$2.73
971,Donavon,Voss,dvossqy@cbslocal.com,Male,10.173.82.105,China,$3.56
972,Caroljean,Danihelka,cdanihelkaqz@dyndns.org,Female,208.211.104.51,Tunisia,$4.98
973,Cristy,Reap,creapr0@jugem.jp,Female,5.77.216.202,Portugal,$7.12
974,Nat,Noury,nnouryr1@sphinn.com,Female,38.126.204.243,Czech Republic,$9.81
975,Rowland,Blampy,rblampyr2@163.com,Male,159.64.1.51,Somalia,$8.22
976,Clyde,Weldon,cweldonr3@tuttocitta.it,Male,126.69.53.210,Chile,$1.33
977,Rois,Edsell,redsellr4@opensource.org,Female,193.77.236.233,Portugal,$0.68
978,Tony,Ciccottio,tciccottior5@wikia.com,Male,121.210.187.69,China,$1.12
979,Antony,Penrose,apenroser6@webmd.com,Male,137.183.47.48,China,$2.50
980,Philip,Brace,pbracer7@shop-pro.jp,Male,176.176.159.91,Madagascar,$7.08
981,Whitney,Mouget,wmougetr8@ucoz.com,Female,63.50.92.30,Venezuela,$3.11
982,Jodie,Devennie,jdevennier9@foxnews.com,Male,242.129.231.207,China,$8.43
983,Royce,Sterndale,rsterndalera@blinklist.com,Male,15.34.176.90,Sweden,$4.88
984,Margaretha,Lawles,mlawlesrb@home.pl,Female,85.227.43.100,Kosovo,$4.93
985,Chrystel,Gargett,cgargettrc@newsvine.com,Female,220.3.111.149,Croatia,$9.41
986,Willetta,Santhouse,wsanthouserd@ucsd.edu,Female,159.212.212.173,Poland,$4.12
987,Elonore,Challenor,echallenorre@icio.us,Female,82.98.71.130,Japan,$4.21
988,Mufinella,Fibbitts,mfibbittsrf@time.com,Female,15.213.225.70,Malaysia,$0.99
989,Roseline,Seabourne,rseabournerg@wisc.edu,Female,85.106.168.213,Thailand,$7.03
990,Mary,Gillooly,mgilloolyrh@goodreads.com,Female,206.195.105.49,China,$8.77
991,Marcellus,Tolson,mtolsonri@fotki.com,Male,26.210.64.95,Yemen,$2.52
992,Linda,Tuke,ltukerj@ibm.com,Female,129.142.53.51,China,$1.42
993,Dukey,Chant,dchantrk@slideshare.net,Male,177.56.203.114,China,$9.55
994,Ferguson,O'Hoey,fohoeyrl@twitpic.com,Male,117.135.183.245,Indonesia,$3.35
995,Sheilah,Crowche,scrowcherm@php.net,Female,65.136.85.158,Indonesia,$8.33
996,Kayla,Dinnies,kdinniesrn@tamu.edu,Female,55.8.207.149,Ecuador,$4.22
997,Alla,Warlaw,awarlawro@canalblog.com,Female,147.214.124.62,Philippines,$7.27
998,Jon,Winser,jwinserrp@plala.or.jp,Male,119.187.169.189,China,$5.89
999,Dela,Danneil,ddanneilrq@elegantthemes.com,Female,196.86.8.205,Indonesia,$7.31
1000,Ralf,Bloomer,rbloomerrr@privacy.gov.au,Male,172.201.141.161,China,$2.94
